ZEIT;RAUMID;BEZ;PGR;BZR;PLR;STADTRAUM;E_E;E_EM;E_EW;E_E00_01;E_E01_02;E_E02_03;E_E03_05;E_E05_06;E_E06_07;E_E07_08;E_E08_10;E_E10_12;E_E12_14;E_E14_15;E_E15_18;E_E18_21;E_E21_25;E_E25_27;E_E27_30;E_E30_35;E_E35_40;E_E40_45;E_E45_50;E_E50_55;E_E55_60;E_E60_63;E_E63_65;E_E65_67;E_E67_70;E_E70_75;E_E75_80;E_E80_85;E_E85_90;E_E90_95;E_E95_110;E_EU1;E_E1U6;E_E6U15;E_E15U18;E_E18U25;E_E25U55;E_E55U65;E_E65U80;E_E80U110
201712;01022105;01;02;21;05;1;5354;2837;2517;49;68;68;78;41;40;50;76;70;89;33;144;191;388;285;496;631;478;310;330;339;315;162;71;76;121;132;96;71;39;14;3;49;255;358;144;579;2869;548;425;127
201712;01022106;01;02;21;06;1;11463;5674;5789;84;92;106;181;83;76;82;151;161;163;62;242;290;602;408;738;1086;888;739;773;940;898;435;276;255;373;414;427;255;125;49;9;84;462;695;242;892;5572;1609;1469;438
201712;01022201;01;02;22;01;1;11020;5872;5148;119;113;119;234;113;82;77;152;150;147;61;216;348;850;579;1067;1486;1006;758;641;751;558;272;159;135;187;229;217;126;44;15;9;119;579;669;216;1198;6288;989;768;194
201712;01022202;01;02;22;02;1;1618;810;808;16;16;12;34;21;17;19;42;43;44;9;62;65;97;56;85;159;128;114;129;126;80;37;20;23;30;53;52;19;7;0;3;16;83;174;62;162;797;137;158;29
201712;01022203;01;02;22;03;1;7122;3635;3487;76;84;79;150;83;86;79;159;129;127;62;186;266;463;320;533;672;548;458;453;453;360;191;129;127;163;255;201;136;67;20;7;76;396;642;186;729;3437;680;746;230
201712;01022204;01;02;22;04;1;6010;3055;2955;64;64;43;108;48;30;34;91;58;64;27;111;147;343;254;404;633;509;424;390;454;397;184;116;116;183;254;230;129;73;25;3;64;263;304;111;490;3068;697;783;230
201712;01022205;01;02;22;05;1;3329;1719;1610;40;39;43;90;37;36;26;79;76;73;33;111;141;177;106;167;269;258;195;168;220;230;97;70;63;92;129;133;75;40;13;3;40;209;323;111;318;1383;397;417;131
201712;01011101;01;01;11;01;1;3225;1673;1552;27;24;24;49;20;15;15;30;24;3;18;22;69;268;156;225;327;242;183;185;191;194;133;66;70;125;155;175;102;56;29;3;27;117;105;22;337;1509;393;525;190
201712;01011102;01;01;11;02;1;185;112;73;0;3;0;0;6;0;0;3;0;0;0;3;0;13;12;12;18;22;9;15;18;23;3;0;0;6;7;12;0;0;0;0;0;9;3;3;13;106;26;25;0
201712;01011103;01;01;11;03;1;5173;2794;2379;37;49;42;88;36;31;43;81;71;79;44;130;120;296;180;273;469;419;322;319;364;415;231;125;123;171;219;162;117;53;42;22;37;215;349;130;416;2346;771;675;234
201712;01011104;01;01;11;04;1;4786;2607;2179;45;58;39;104;46;49;55;89;88;85;40;147;209;427;278;399;475;445;352;268;347;241;82;72;59;71;84;68;43;9;9;3;45;247;406;147;636;2564;395;282;64
201712;01011105;01;01;11;05;1;1225;655;570;16;12;18;15;18;12;9;12;3;9;7;13;31;37;37;63;117;105;85;91;128;108;43;38;28;47;56;30;22;12;0;3;16;63;52;13;68;626;189;161;37
201712;01011201;01;01;12;01;1;2310;1208;1102;6;16;31;25;16;18;19;24;25;30;23;52;71;128;74;140;214;164;158;175;172;176;109;64;51;44;106;88;50;35;3;3;6;88;139;52;199;1097;349;289;91
201712;01011202;01;01;12;02;1;607;351;256;0;3;4;13;3;6;6;9;15;13;3;12;12;28;12;31;70;68;58;36;59;44;21;16;9;10;12;22;9;3;0;0;0;23;52;12;40;334;81;53;12
201712;01011203;01;01;12;03;1;1086;583;503;15;6;6;19;9;9;9;12;7;6;6;24;18;53;35;69;99;96;77;101;100;81;25;19;19;30;58;36;22;17;3;0;15;40;49;24;71;577;125;143;42
201712;01011204;01;01;12;04;1;7869;3981;3888;73;105;71;122;47;44;38;90;90;86;19;110;133;332;285;522;913;663;500;514;549;544;240;182;149;263;369;411;226;131;42;6;73;345;367;110;465;3946;966;1192;405
201712;01011301;01;01;13;01;1;6781;3490;3291;88;80;78;152;61;61;66;98;70;69;21;68;105;303;251;533;976;829;660;531;460;328;173;120;95;120;172;125;59;10;16;3;88;371;385;68;408;4240;621;512;88
201712;01011302;01;01;13;02;1;12677;6533;6144;116;131;109;230;95;120;107;238;241;221;114;287;271;437;381;923;1489;1381;1229;1231;1142;720;270;183;163;181;237;227;133;49;18;3;116;565;1041;287;708;7776;1173;808;203
201712;01011303;01;01;13;03;1;9898;5240;4658;94;80;63;142;66;55;63;104;103;94;30;110;191;609;441;885;1352;963;710;669;598;521;262;161;162;176;319;407;282;143;40;3;94;351;449;110;800;5618;944;1064;468
201712;01011304;01;01;13;04;1;8666;4064;4602;64;92;79;142;70;76;55;118;112;89;54;175;176;373;271;497;687;569;419;458;477;484;297;201;161;223;456;712;579;357;114;29;64;383;504;175;549;3378;982;1552;1079
201712;01011305;01;01;13;05;1;7833;3967;3866;51;80;83;115;58;51;42;78;68;73;48;94;128;287;274;528;828;676;483;470;539;466;247;135;134;188;319;528;472;231;56;3;51;336;360;94;415;3798;848;1169;762
201712;01011306;01;01;13;06;1;10328;5306;5022;130;109;112;179;93;91;61;93;102;87;30;140;374;642;366;739;1216;1004;687;679;737;602;319;194;150;188;309;457;288;119;21;10;130;493;464;140;1016;5428;1115;1104;438
201712;01011401;01;01;14;01;1;17364;8895;8469;224;227;210;356;181;169;165;344;309;228;111;296;368;722;621;1391;2536;2164;1697;1538;1204;796;329;193;127;192;221;226;112;67;37;3;224;974;1326;296;1090;11151;1318;766;219
201712;01011402;01;01;14;02;1;13507;6777;6730;156;196;173;346;158;135;145;259;256;188;73;180;198;441;452;1018;2004;1772;1482;1314;982;443;202;125;99;145;186;171;116;47;28;17;156;873;1056;180;639;9024;770;601;208
201712;01022101;01;02;21;01;1;3627;2006;1621;34;54;28;59;26;30;34;49;47;49;21;59;116;304;238;328;457;326;252;218;225;233;90;53;44;70;66;57;36;18;6;0;34;167;230;59;420;2044;376;237;60
201712;01022102;01;02;21;02;1;6517;3537;2980;55;67;63;117;52;67;40;92;98;86;46;124;217;531;393;582;842;567;407;416;434;355;168;105;101;136;140;101;71;29;12;3;55;299;429;124;748;3641;628;478;115
201712;01022103;01;02;21;03;1;258;143;115;9;0;6;9;0;3;3;12;3;9;7;11;6;22;7;19;33;15;9;9;12;15;12;3;3;4;14;3;0;0;0;0;9;15;37;11;28;104;30;24;0
201712;01022104;01;02;21;04;1;18820;10014;8806;174;207;178;291;146;139;137;255;253;237;113;348;534;1372;926;1617;2273;1755;1169;1171;1299;1134;602;365;297;447;538;418;269;104;36;16;174;822;1134;348;1906;10210;2101;1700;425
201712;01022206;01;02;22;06;1;3012;1599;1413;16;33;19;65;21;13;22;48;49;50;24;47;58;155;108;184;296;260;224;253;231;207;100;80;64;72;97;97;76;25;12;6;16;138;206;47;213;1556;387;330;119
201712;01022207;01;02;22;07;1;5727;2948;2779;39;42;30;69;37;27;30;48;52;61;33;82;178;565;275;385;480;354;280;365;402;344;161;130;135;184;298;276;195;103;49;18;39;178;251;82;743;2541;635;893;365
201712;01033101;01;03;31;01;1;26808;14137;12671;323;349;374;660;286;309;298;567;568;502;264;771;1004;1895;1179;2108;2934;2271;1736;1705;1657;1355;646;359;303;472;592;646;404;165;87;19;323;1669;2508;771;2899;13590;2360;2013;675
201712;01033102;01;03;31;02;1;12120;6259;5861;127;124;149;288;147;128;109;246;212;247;102;344;555;903;528;921;1330;1046;821;835;756;573;270;122;158;239;307;283;168;55;21;6;127;708;1044;344;1458;6237;965;987;250
201712;01033201;01;03;32;01;1;13477;6815;6662;163;192;184;343;181;167;160;369;395;339;146;477;480;744;444;765;1219;1115;947;829;858;690;375;224;217;303;372;364;237;136;42;0;163;900;1576;477;1224;6177;1289;1256;415
201712;01033202;01;03;32;02;1;9789;4856;4933;86;102;118;238;106;97;108;217;187;168;84;258;262;463;332;518;867;767;652;600;690;585;321;156;190;279;401;422;290;146;67;12;86;564;861;258;725;4426;1062;1292;515
201712;01033203;01;03;32;03;1;14473;7754;6719;173;161;177;351;141;169;144;282;266;279;151;425;510;1070;716;1156;1575;1255;976;939;868;725;312;177;184;293;344;336;211;80;21;6;173;830;1291;425;1580;7485;1214;1157;318
201712;01044101;01;04;41;01;1;20920;10814;10106;224;215;204;338;165;159;163;315;333;283;120;421;586;1403;956;1717;2106;1673;1220;1329;1532;1379;625;383;345;490;733;752;437;218;79;17;224;922;1373;421;1989;10533;2387;2320;751
201712;01044102;01;04;41;02;1;16420;7975;8445;172;156;169;281;145;123;109;225;206;188;97;287;369;854;613;1112;1505;1079;878;953;1168;1067;561;358;322;535;766;867;663;340;195;57;172;751;948;287;1223;7308;1986;2490;1255
201712;01044103;01;04;41;03;1;8676;4586;4090;90;89;83;146;72;67;54;111;103;122;62;188;246;653;505;863;1036;807;587;546;589;507;254;125;123;148;169;193;77;44;11;6;90;390;519;188;899;4933;886;633;138
201712;01044201;01;04;42;01;1;24302;12979;11323;279;293;280;497;225;256;242;501;472;435;225;727;882;1872;1286;2058;2711;1966;1610;1516;1551;1160;569;291;301;433;538;551;326;150;78;21;279;1295;2131;727;2754;12698;2020;1823;575
201712;01044202;01;04;42;02;1;16926;9164;7762;170;179;170;293;126;121;119;246;224;222;106;329;597;1483;1074;1783;2283;1674;1090;965;1037;794;411;244;184;275;289;235;123;65;15;0;170;768;1038;329;2080;9906;1449;983;203
201712;01044203;01;04;42;03;1;16657;8839;7818;171;189;148;301;137;138;138;284;235;269;137;373;505;1092;835;1417;1990;1380;1015;1018;1071;882;463;277;260;353;504;480;324;167;83;21;171;775;1201;373;1597;8726;1622;1597;595
201712;02010101;02;01;01;01;1;6647;3642;3005;59;85;64;142;70;56;65;110;116;111;67;183;232;606;348;581;714;538;452;439;410;351;168;81;113;109;141;95;68;48;13;12;59;361;525;183;838;3482;600;458;141
201712;02010102;02;01;01;02;1;13433;6752;6681;147;174;151;305;152;148;153;307;332;290;160;456;523;798;443;826;1207;1040;924;921;948;746;341;182;210;294;405;384;270;125;58;13;147;782;1390;456;1321;6309;1269;1293;466
201712;02010103;02;01;01;03;1;15380;7808;7572;185;168;207;327;187;162;175;373;382;331;169;530;570;870;522;837;1307;1190;1121;1128;1078;863;440;246;226;314;460;475;335;108;84;10;185;889;1592;530;1440;7183;1549;1475;537
201712;02010104;02;01;01;04;1;5015;2514;2501;39;43;60;93;41;49;72;124;148;102;65;188;197;253;157;276;425;400;357;347;387;335;150;98;75;135;156;125;84;24;4;6;39;237;560;188;450;2349;583;491;118
201712;02020201;02;02;02;01;1;976;527;449;21;21;18;38;15;9;15;12;12;6;0;19;13;43;24;66;193;140;91;55;51;34;18;4;12;16;18;12;0;0;0;0;21;92;54;19;56;620;56;58;0
201712;02020202;02;02;02;02;1;5998;3146;2852;61;58;68;124;70;55;49;112;110;108;48;172;186;303;219;407;605;530;471;455;492;397;187;109;109;128;134;130;58;39;4;0;61;320;482;172;489;3179;693;501;101
201712;02020203;02;02;02;03;1;10920;5579;5341;128;148;116;222;99;91;108;181;149;158;51;184;218;498;365;744;1250;1217;924;788;849;770;363;163;195;242;266;244;122;39;16;12;128;585;738;184;716;6137;1296;947;189
201712;02020204;02;02;02;04;1;12564;6492;6072;144;153;117;242;117;95;105;194;160;162;87;262;336;589;452;832;1552;1361;1025;837;1059;871;379;218;198;227;297;239;138;62;42;12;144;629;803;262;925;7118;1468;961;254
201712;02020205;02;02;02;05;1;15003;7568;7435;139;164;146;249;114;104;115;194;244;203;110;324;508;769;424;900;1635;1454;1189;1128;1366;1117;534;310;266;345;360;291;164;85;37;15;139;673;970;324;1277;8096;1961;1262;301
201712;02020206;02;02;02;06;1;19041;9605;9436;221;231;223;404;170;173;199;330;299;306;134;390;475;812;604;1147;2332;2236;1558;1386;1455;1231;557;349;281;373;411;374;217;95;50;18;221;1028;1441;390;1287;10718;2137;1439;380
201712;02030301;02;03;03;01;1;9040;4709;4331;79;82;79;151;86;55;75;167;172;178;76;234;295;447;283;541;918;914;813;688;789;578;222;159;135;219;269;205;93;29;3;6;79;398;723;234;742;4946;959;828;131
201712;02030302;02;03;03;02;1;13131;6826;6305;142;140;112;244;111;120;120;233;226;203;98;322;402;611;416;854;1444;1392;1107;972;1033;834;434;189;204;256;363;274;180;65;24;6;142;607;1000;322;1013;7218;1457;1097;275
201712;02030401;02;03;04;01;1;15264;7898;7366;186;157;147;314;138;136;106;233;231;216;117;290;383;683;573;1030;1827;1891;1426;1168;1134;934;399;210;211;278;316;260;174;70;20;6;186;756;1039;290;1066;9049;1543;1065;270
201712;02030402;02;03;04;02;1;11118;5765;5353;120;131;128;202;98;96;81;165;142;138;68;235;280;497;403;786;1404;1446;1057;803;855;625;320;159;116;196;234;203;81;43;6;0;120;559;690;235;777;6754;1104;749;130
201712;02040501;02;04;05;01;1;5397;2555;2842;36;34;39;90;52;39;55;78;83;81;37;115;99;162;78;226;364;334;274;306;372;364;193;134;112;173;323;537;343;198;57;9;36;215;373;115;261;1954;691;1145;607
201712;02040502;02;04;05;02;1;7269;3537;3732;87;89;81;120;46;66;50;97;83;73;37;100;114;357;243;553;934;712;471;430;475;403;194;115;101;160;271;332;245;163;55;12;87;336;406;100;471;3818;712;864;475
201712;02040503;02;04;05;03;1;11101;5547;5554;156;179;163;221;106;96;63;174;140;84;54;148;190;448;374;919;1727;1418;895;724;610;512;235;118;116;117;205;314;244;184;125;42;156;669;611;148;638;6667;865;752;595
201712;02040701;02;04;07;01;1;12528;6136;6392;136;139;134;220;99;79;91;170;169;147;60;230;268;761;552;1009;1373;950;671;652;685;628;376;216;203;265;467;751;546;329;118;34;136;592;716;230;1029;5892;1220;1686;1027
201712;02040702;02;04;07;02;1;10764;5548;5216;108;111;102;205;90;90;77;184;145;121;46;149;205;485;362;842;1517;1357;942;794;701;521;229;147;110;142;264;381;213;88;33;3;108;508;663;149;690;6515;897;897;337
201712;02040703;02;04;07;03;1;1170;659;511;24;12;19;30;17;16;7;24;25;26;9;22;32;99;73;179;215;101;83;42;37;30;18;12;6;6;6;0;0;0;0;0;24;78;107;22;131;730;60;18;0
201712;02050601;02;05;06;01;1;8948;4781;4167;103;135;92;160;75;49;74;116;93;81;36;91;125;437;396;1041;1718;1292;750;544;464;349;151;83;73;63;99;148;71;36;3;0;103;462;449;91;562;6205;583;383;110
201712;02050602;02;05;06;02;1;21484;11082;10402;306;335;261;485;203;171;187;331;280;261;128;335;324;957;847;2110;3717;3158;2067;1524;1171;774;332;193;155;163;215;196;137;81;50;30;306;1284;1358;335;1281;14594;1299;729;298
201712;02050801;02;05;08;01;1;19292;10108;9184;240;239;208;360;209;179;150;276;262;232;83;277;334;981;937;2140;3431;2813;1754;1227;980;679;290;157;131;146;204;176;120;46;24;7;240;1016;1182;277;1315;13282;1126;657;197
201712;02050802;02;05;08;02;1;20813;10918;9895;301;273;219;405;178;133;154;292;209;193;91;257;299;1013;943;2263;3943;3271;2023;1514;1083;646;236;135;111;115;170;174;101;53;12;3;301;1075;1072;257;1312;15040;1017;570;169
201712;02050803;02;05;08;03;1;7208;3801;3407;90;110;79;155;63;49;42;87;69;48;36;97;122;366;342;766;1358;991;617;400;330;279;121;79;60;78;106;103;115;37;13;0;90;407;331;97;488;4804;479;347;165
201712;02050804;02;05;08;04;1;4470;2321;2149;81;93;78;134;70;56;65;90;78;74;24;96;91;117;82;195;508;577;394;417;333;194;90;55;64;86;78;91;82;53;18;6;81;375;387;96;208;2506;339;319;159
201712;03010101;03;01;01;01;2;4036;2041;1995;56;71;70;103;49;43;48;69;64;49;15;86;75;132;63;211;401;413;254;269;323;287;159;94;66;111;128;158;91;57;12;9;56;293;288;86;207;1934;540;463;169
201712;03010102;03;01;01;02;2;12319;5996;6323;110;157;136;267;161;125;135;245;226;220;122;309;326;490;279;628;964;869;629;621;726;734;403;289;303;412;612;826;530;298;111;56;110;721;1073;309;816;4716;1426;2153;995
201712;03010104;03;01;01;04;2;229;143;86;3;0;0;3;3;4;3;3;0;7;0;15;7;6;0;16;15;30;35;28;33;15;3;0;0;0;0;0;0;0;0;0;3;6;17;15;13;157;18;0;0
201712;03020203;03;02;02;03;2;2169;1118;1051;9;15;24;36;22;31;27;45;44;31;18;61;49;53;25;52;105;134;130;175;205;195;97;58;79;82;93;153;68;44;6;3;9;97;196;61;102;826;350;407;121
201712;03020209;03;02;02;09;2;14963;7253;7710;141;150;201;362;170;185;194;325;300;309;129;412;503;472;242;530;1007;1111;1106;1350;1383;1024;515;280;254;431;537;671;376;185;76;32;141;883;1442;412;975;6729;1819;1893;669
201712;03020210;03;02;02;10;2;11290;5539;5751;118;133;132;283;144;148;134;238;218;219;105;286;284;291;160;416;874;890;848;997;1066;814;355;240;227;300;390;495;308;135;42;0;118;692;1062;286;575;5251;1409;1412;485
201712;03020307;03;02;03;07;2;18246;8926;9320;189;195;209;449;222;210;201;410;387;369;147;546;528;432;221;553;1250;1469;1181;1499;1792;1529;722;419;403;469;654;806;490;218;67;10;189;1075;1724;546;960;7965;2670;2332;785
201712;03030405;03;03;04;05;2;11426;5535;5891;156;206;206;327;136;132;124;288;240;239;117;316;286;375;217;601;1122;962;694;748;865;700;324;217;184;252;374;459;336;180;33;10;156;875;1140;316;661;5209;1241;1269;559
201712;03030406;03;03;04;06;2;8185;3997;4188;66;57;66;142;87;78;72;153;146;153;60;268;217;181;83;166;375;485;448;665;878;842;383;256;244;276;397;465;306;122;42;6;66;352;662;268;398;3100;1481;1382;476
201712;03030711;03;03;07;11;2;6855;3400;3455;37;57;42;147;79;70;55;142;129;129;63;184;178;133;64;133;306;440;426;581;749;637;320;187;210;231;330;365;234;117;64;16;37;325;588;184;311;2699;1144;1136;431
201712;03030715;03;03;07;15;2;7509;3914;3595;72;68;81;147;78;55;72;143;145;119;60;231;225;253;132;278;470;498;393;589;783;644;276;215;199;260;291;355;218;105;42;12;72;374;594;231;478;3143;1135;1105;377
201712;03030716;03;03;07;16;2;1123;556;567;3;3;6;15;6;4;15;15;18;18;16;16;27;16;3;16;16;61;75;72;131;102;77;36;30;58;70;91;80;18;6;3;3;30;86;16;43;374;215;249;107
201712;03040508;03;04;05;08;2;4611;2328;2283;42;45;36;117;54;42;35;122;124;99;52;176;159;155;55;113;258;302;301;418;491;399;166;116;85;105;164;182;118;67;9;4;42;252;474;176;314;1938;681;536;198
201712;03040512;03;04;05;12;2;9826;4682;5144;78;90;94;172;88;88;111;169;179;162;90;284;266;277;177;369;584;670;613;818;950;716;344;231;202;294;458;631;421;132;55;13;78;444;799;284;543;4181;1291;1585;621
201712;03040513;03;04;05;13;2;3386;1639;1747;30;30;18;52;31;42;49;95;94;82;24;144;109;104;28;78;163;199;248;320;323;269;121;55;61;91;140;146;123;68;40;9;30;131;386;144;213;1359;445;438;240
201712;03040614;03;04;06;14;2;35951;16867;19084;450;443;447;913;466;434;487;873;746;654;295;864;706;1051;650;1611;3018;3201;2913;2898;2787;2064;904;579;520;714;1136;1767;1308;687;251;114;450;2269;3489;864;1757;17078;3547;4137;2360
201712;03040818;03;04;08;18;2;34461;16413;18048;373;418;402;743;349;331;318;665;572;459;241;669;664;1061;799;1924;3600;3438;2638;2636;2592;2078;943;638;613;732;1103;1468;1205;540;199;50;373;1912;2586;669;1725;17627;3659;3916;1994
201712;03050919;03;05;09;19;2;5583;2782;2801;75;73;81;114;41;59;58;91;91;69;31;119;137;255;136;312;491;450;315;365;494;368;153;107;90;138;210;330;224;66;37;3;75;309;399;119;392;2563;628;768;330
201712;03050920;03;05;09;20;2;7383;3507;3876;71;84;87;177;91;61;67;154;163;113;58;161;138;215;158;340;645;698;495;575;613;436;198;139;111;146;253;406;293;149;72;16;71;439;616;161;353;3524;773;916;530
201712;03050923;03;05;09;23;2;9385;4810;4575;139;132;124;233;114;75;88;169;132;146;39;154;189;343;304;725;1365;1017;815;686;640;506;219;129;122;153;192;204;136;59;27;9;139;603;649;154;532;5552;854;671;231
201712;03050924;03;05;09;24;2;6091;3154;2937;76;96;85;156;59;72;63;126;127;98;39;134;158;299;162;450;757;673;527;444;423;357;131;73;70;89;96;115;84;40;9;3;76;396;525;134;457;3436;561;370;136
201712;03050925;03;05;09;25;2;9692;4679;5013;99;159;132;245;143;123;131;228;232;220;86;265;207;313;185;479;969;1001;805;858;784;515;219;126;109;153;181;304;279;104;35;3;99;679;1020;265;520;5081;860;747;421
201712;03051017;03;05;10;17;2;4236;2188;2048;33;48;45;96;28;45;42;66;51;51;24;79;129;193;113;272;404;370;284;334;391;340;119;91;76;95;140;146;82;34;12;3;33;217;279;79;322;2168;550;457;131
201712;03051021;03;05;10;21;2;6506;3035;3471;51;54;58;115;57;43;48;93;93;84;39;100;120;208;134;381;567;451;353;371;466;416;164;98;119;193;314;676;400;157;67;16;51;284;400;100;328;2723;678;1302;640
201712;03051022;03;05;10;22;2;4561;2095;2466;55;54;48;81;48;33;33;91;79;88;40;82;99;127;88;192;378;328;197;311;356;321;179;89;76;128;165;362;254;119;51;9;55;231;364;82;226;1850;589;731;433
201712;03061126;03;06;11;26;1;15220;7776;7444;182;206;202;295;121;135;140;250;239;189;61;224;246;750;610;1331;2187;1930;1509;1297;989;556;252;164;142;184;255;256;160;96;44;18;182;824;1014;224;996;9853;972;837;318
201712;03061131;03;06;11;31;1;10691;5433;5258;144;172;118;267;103;109;102;208;200;142;51;148;162;477;428;849;1520;1333;1191;1075;769;372;142;110;83;93;127;94;63;24;15;0;144;660;812;148;639;7165;624;397;102
201712;03061227;03;06;12;27;1;14581;7116;7465;171;160;140;258;123;132;118;255;187;175;65;198;243;578;504;1162;2084;1768;1437;1247;1006;600;301;156;160;228;310;347;285;124;44;15;171;681;932;198;821;9208;1057;1045;468
201712;03061228;03;06;12;28;1;12640;6178;6462;144;121;114;196;80;79;69;122;136;122;69;148;217;588;411;1122;1758;1420;877;819;861;646;317;195;149;218;373;577;403;175;93;21;144;511;597;148;805;7268;1158;1317;692
201712;03061332;03;06;13;32;1;22670;11486;11184;293;295;301;576;249;282;252;468;435;381;172;463;396;740;676;1517;2905;2884;2639;2580;1888;899;295;210;140;199;190;161;99;52;30;3;293;1421;1990;463;1136;15089;1404;690;184
201712;03061429;03;06;14;29;1;10058;4613;5445;60;67;68;135;71;72;70;121;106;105;49;135;183;312;192;409;652;531;458;502;639;587;291;178;253;465;753;1170;806;360;190;68;60;341;523;135;495;3383;1056;2641;1424
201712;03061430;03;06;14;30;1;3871;1995;1876;51;65;43;69;56;46;35;86;90;56;24;91;132;201;134;213;301;259;201;214;266;219;96;59;62;94;143;252;198;84;28;3;51;233;337;91;333;1588;374;551;313
201712;03061434;03;06;14;34;1;6317;3129;3188;57;88;84;137;73;51;55;111;75;70;27;94;100;234;237;477;976;846;552;477;430;271;153;80;72;82;117;152;74;48;17;0;57;382;389;94;334;3995;504;423;139
201712;03061435;03;06;14;35;1;3898;1964;1934;50;42;48;58;34;19;33;64;54;46;24;83;68;186;149;316;531;421;283;271;256;225;80;61;46;62;96;121;93;63;9;6;50;182;240;83;254;2227;366;325;171
201712;03061441;03;06;14;41;1;2589;1267;1322;44;41;45;127;72;60;61;110;102;76;12;66;51;41;25;100;208;311;335;264;111;68;26;21;18;9;45;53;54;24;9;0;44;285;421;66;92;1354;115;125;87
201712;03071536;03;07;15;36;1;10864;5534;5330;129;118;151;258;125;129;131;238;206;175;84;220;233;381;316;752;1358;1266;1224;1220;989;449;153;93;72;78;101;85;65;44;15;6;129;652;963;220;614;7125;695;336;130
201712;03071537;03;07;15;37;1;15674;7963;7711;217;240;220;376;185;191;165;311;292;307;116;330;321;511;408;999;1959;1794;1597;1631;1326;788;312;160;131;185;259;190;110;25;15;3;217;1021;1382;330;832;9714;1260;765;153
201712;03071633;03;07;16;33;1;3188;1603;1585;37;40;26;74;38;28;22;43;45;47;24;70;58;115;86;190;297;263;225;214;199;241;122;89;77;100;137;142;68;53;15;3;37;178;209;70;173;1474;452;456;139
201712;03071638;03;07;16;38;1;17526;8811;8715;237;237;249;435;215;205;176;397;344;315;132;351;317;611;559;1221;2155;2051;1856;1789;1285;743;296;178;144;191;227;346;181;59;21;3;237;1136;1569;351;928;10916;1217;908;264
201712;03071639;03;07;16;39;1;12480;6174;6306;155;145;135;318;127;149;158;361;310;278;96;251;248;389;281;716;1316;1295;1344;1377;1126;606;224;152;100;144;227;206;128;73;24;21;155;725;1352;251;637;7455;982;677;246
201712;04010101;04;01;01;01;2;10656;5155;5501;108;119;87;170;96;97;99;168;165;134;82;232;267;500;284;528;841;707;668;708;745;746;410;255;244;372;505;578;367;202;120;52;108;472;745;232;767;4481;1411;1699;741
201712;04010102;04;01;01;02;2;919;605;314;6;3;3;24;10;6;4;15;14;9;0;26;37;70;33;24;61;70;56;64;78;61;22;34;18;34;40;36;33;19;6;3;6;40;48;26;107;386;117;128;61
201712;04010103;04;01;01;03;2;7876;3696;4180;81;100;88;177;86;91;75;166;144;138;71;211;227;332;205;360;524;537;468;552;569;495;262;148;157;214;310;467;369;177;60;15;81;451;685;211;559;3215;905;1148;621
201712;04020204;04;02;02;04;2;187;96;91;0;3;0;8;3;3;3;9;13;9;3;9;0;3;0;3;9;6;21;18;13;9;9;6;9;3;6;9;0;0;0;0;0;14;40;9;3;70;24;27;0
201712;04020205;04;02;02;05;2;1347;669;678;9;3;9;18;16;21;6;22;27;15;18;40;45;65;30;37;56;75;63;103;125;121;40;42;27;57;102;66;39;27;20;3;9;46;109;40;110;489;203;252;89
201712;04020206;04;02;02;06;2;2800;1260;1540;24;9;22;43;12;6;9;22;24;22;6;27;49;66;33;61;131;132;125;119;165;165;94;74;89;154;295;392;212;130;66;22;24;86;89;27;115;766;333;930;430
201712;04020207;04;02;02;07;2;2558;1222;1336;15;21;15;29;21;18;22;43;43;48;21;53;79;102;47;76;137;134;173;188;256;194;80;50;60;81;126;174;114;85;35;18;15;86;195;53;181;1011;324;441;252
201712;04020208;04;02;02;08;2;2912;1431;1481;21;18;22;36;22;30;35;63;68;73;35;126;103;84;27;36;87;133;138;251;292;238;96;62;57;106;200;230;127;69;21;6;21;98;304;126;187;964;396;593;223
201712;04020209;04;02;02;09;2;3195;1585;1610;9;19;15;46;31;36;25;54;63;52;30;98;177;354;171;160;170;152;159;162;212;198;93;49;75;95;164;175;91;27;27;6;9;111;260;98;531;1186;340;509;151
201712;04020310;04;02;03;10;2;624;314;310;3;4;0;6;0;3;0;0;0;0;0;4;28;108;59;70;61;52;18;22;15;43;15;3;12;18;26;28;15;11;0;0;3;10;3;4;136;297;61;84;26
201712;04020311;04;02;03;11;2;14969;7272;7697;103;97;110;198;101;88;122;217;199;233;111;346;407;649;381;571;915;842;832;1027;1156;911;501;376;360;708;1023;1203;692;292;146;52;103;506;970;346;1056;5724;1788;3294;1182
201712;04020312;04;02;03;12;2;5498;2592;2906;43;49;42;98;34;40;52;80;87;86;39;107;124;208;119;200;316;323;309;325;439;410;197;131;135;242;373;371;254;150;75;40;43;223;384;107;332;2031;738;1121;519
201712;04020313;04;02;03;13;2;7620;3799;3821;66;84;62;127;61;50;52;108;101;90;36;127;212;463;278;438;649;549;454;479;589;514;266;151;169;259;352;415;261;94;51;13;66;334;437;127;675;3436;931;1195;419
201712;04020314;04;02;03;14;2;8;8;0;0;0;0;0;0;0;0;0;0;0;0;0;0;0;0;0;0;0;0;0;0;0;0;0;4;4;0;0;0;0;0;0;0;0;0;0;0;0;0;8;0
201712;04030415;04;03;04;15;1;2975;1483;1492;18;21;12;37;15;13;12;30;31;28;15;36;74;191;143;193;253;232;179;180;178;168;111;68;65;97;133;144;114;87;67;30;18;85;129;36;265;1358;347;439;298
201712;04030416;04;03;04;16;1;10570;5086;5484;108;136;120;200;89;85;104;179;162;185;97;267;349;518;353;585;927;758;660;806;836;787;400;252;267;365;364;325;146;89;30;21;108;545;812;267;867;4925;1439;1321;286
201712;04030417;04;03;04;17;1;10947;5228;5719;118;95;102;182;95;93;82;162;165;162;70;222;295;482;305;568;904;829;759;757;899;776;396;269;279;407;556;460;250;107;77;24;118;474;734;222;777;5021;1441;1702;458
201712;04030518;04;03;05;18;1;9473;4629;4844;83;94;66;137;71;51;43;127;99;97;55;154;230;554;331;632;886;767;618;633;816;792;357;213;212;298;397;346;165;95;34;20;83;368;472;154;784;4683;1362;1253;314
201712;04030519;04;03;05;19;1;5825;2974;2851;46;56;46;99;52;37;54;63;81;77;27;103;132;342;222;415;619;487;395;396;467;426;184;128;99;176;213;206;130;26;18;3;46;253;339;103;474;3001;738;694;177
201712;04030620;04;03;06;20;1;8778;4231;4547;75;82;79;131;50;51;54;109;112;94;40;157;205;418;296;475;807;641;567;594;665;645;302;212;216;269;437;410;297;164;88;36;75;342;460;157;623;4045;1159;1332;585
201712;04030621;04;03;06;21;1;3008;1622;1386;21;36;18;41;21;12;26;42;41;37;18;55;89;208;126;256;342;268;207;212;238;171;93;66;62;75;88;71;43;12;10;3;21;116;176;55;297;1649;330;296;68
201712;04030622;04;03;06;22;1;10709;5261;5448;88;99;97;169;91;69;51;129;121;145;76;205;261;530;293;589;967;813;663;741;812;781;398;249;275;440;598;475;284;118;61;21;88;456;591;205;791;4878;1428;1788;484
201712;04030623;04;03;06;23;1;5012;2433;2579;57;45;40;84;58;43;28;72;63;57;24;84;131;278;192;309;482;434;319;318;382;296;164;94;93;179;232;209;150;64;25;6;57;227;287;84;409;2436;554;713;245
201712;04030724;04;03;07;24;1;6569;2999;3570;51;48;64;94;28;62;29;77;85;75;53;126;165;316;173;267;484;448;409;396;512;449;262;158;164;294;392;397;244;128;74;45;51;234;381;126;481;2689;869;1247;491
201712;04030725;04;03;07;25;1;12287;6092;6195;88;121;106;166;104;82;114;184;178;169;101;274;339;645;354;679;1035;990;764;882;1073;908;466;333;305;447;584;428;222;93;35;18;88;497;828;274;984;5777;1707;1764;368
201712;04030726;04;03;07;26;1;5695;2742;2953;64;45;66;89;42;29;40;63;85;68;52;119;142;229;129;244;446;425;352;424;423;418;219;162;147;222;294;300;205;83;45;24;64;242;337;119;371;2443;799;963;357
201712;04030827;04;03;08;27;1;12360;6298;6062;103;121;108;198;90;80;69;170;179;145;73;221;333;706;401;743;1122;1011;872;910;967;866;465;288;265;432;567;444;262;90;43;16;103;517;716;221;1039;6026;1619;1708;411
201712;04030828;04;03;08;28;1;9595;4757;4838;78;75;61;116;45;59;50;98;100;111;51;168;225;462;297;496;820;724;611;734;780;770;403;272;256;410;534;430;197;89;43;30;78;297;469;168;687;4462;1445;1630;359
201712;04030929;04;03;09;29;1;6079;2978;3101;43;56;41;90;40;34;38;74;80;78;41;100;118;244;168;295;441;446;366;451;539;547;262;150;186;248;348;313;132;71;30;9;43;227;345;100;362;2706;959;1095;242
201712;04030930;04;03;09;30;1;5553;2790;2763;51;34;33;89;40;34;22;78;58;65;30;119;126;170;140;218;362;331;371;457;500;482;229;150;156;263;408;298;137;60;26;16;51;196;287;119;296;2379;861;1125;239
201712;04030931;04;03;09;31;1;3791;1935;1856;31;51;43;51;30;34;28;58;45;54;19;67;66;145;101;189;343;274;246;272;294;273;148;77;91;150;215;186;127;44;30;9;31;175;238;67;211;1719;498;642;210
201712;04031032;04;03;10;32;1;15346;7434;7912;138;129;115;215;100;97;99;196;165;185;90;302;337;626;378;736;1157;1044;976;1028;1233;1192;616;433;434;616;908;897;489;232;118;65;138;559;832;302;963;6552;2241;2855;904
201712;04041133;04;04;11;33;2;40;22;18;0;0;0;0;0;0;0;0;3;0;0;0;3;0;0;0;0;3;0;9;3;7;0;0;0;0;3;0;3;6;0;0;0;0;3;0;3;15;7;3;9
201712;04041134;04;04;11;34;2;5277;2584;2693;36;48;49;64;64;38;57;96;85;99;39;100;143;214;111;151;266;306;322;384;411;351;195;118;139;209;335;391;239;98;70;49;36;225;414;100;357;1951;664;1074;456
201712;04041135;04;04;11;35;2;2792;1330;1462;9;19;15;46;15;26;30;44;42;41;34;76;48;72;44;61;130;130;132;206;219;204;117;62;48;134;237;272;149;57;52;21;9;95;217;76;120;922;383;691;279
201712;04041136;04;04;11;36;2;3045;1429;1616;27;27;18;60;33;18;19;42;48;61;24;52;62;87;27;74;133;152;195;189;256;215;106;84;84;114;277;281;122;72;67;19;27;138;212;52;149;1026;405;756;280
201712;04041137;04;04;11;37;2;8149;3767;4382;56;58;79;103;80;73;49;118;112;97;46;156;202;314;204;328;561;546;515;591;670;621;289;214;205;298;501;504;319;140;70;30;56;320;495;156;516;3415;1124;1508;559
201712;04041238;04;04;12;38;2;6010;2733;3277;27;55;60;99;46;58;54;125;118;120;37;164;169;187;94;160;300;359;366;410;448;398;220;145;162;230;390;405;273;154;131;46;27;260;512;164;356;2137;763;1187;604
201712;04041239;04;04;12;39;2;198;122;76;0;0;3;3;0;0;0;3;6;6;3;3;6;20;12;0;21;18;12;18;18;3;6;12;6;9;3;0;3;0;4;0;0;6;18;3;26;99;21;18;7
201712;04041240;04;04;12;40;2;1512;688;824;9;6;3;21;6;10;21;18;31;24;12;45;55;31;15;36;45;60;69;120;135;116;49;34;40;75;133;151;82;34;12;14;9;36;116;45;86;480;199;399;142
201712;04041241;04;04;12;41;2;7008;3152;3856;48;56;57;97;45;54;39;124;104;91;51;155;157;240;131;220;336;354;377;518;608;522;251;175;203;334;539;556;306;156;69;35;48;255;463;155;397;2544;948;1632;566
201712;04041342;04;04;13;42;2;4132;1918;2214;24;22;30;48;24;30;21;43;43;40;30;52;64;103;56;132;219;223;201;272;317;319;211;165;148;242;359;357;201;80;37;19;24;124;207;52;167;1420;695;1106;337
201712;04041343;04;04;13;43;2;3541;1631;1910;24;22;27;57;33;27;22;48;51;33;27;63;95;154;81;119;225;197;195;245;339;275;130;113;112;166;241;218;110;58;31;3;24;139;208;63;249;1401;518;737;202
201712;04041344;04;04;13;44;2;10703;4897;5806;93;74;96;148;82;60;91;164;161;172;73;265;285;380;221;353;603;611;603;815;975;851;420;294;260;440;665;706;404;185;116;37;93;400;721;265;665;4181;1565;2071;742
201712;04051445;04;05;14;45;1;6221;2951;3270;51;49;48;89;43;40;39;90;87;89;33;127;158;284;188;325;508;431;390;411;485;483;246;160;159;241;322;316;181;86;47;15;51;229;378;127;442;2738;889;1038;329
201712;04051446;04;05;14;46;1;10663;5174;5489;78;96;101;175;93;56;67;129;119;143;68;187;239;393;234;457;718;768;626;751;908;889;386;284;318;482;692;612;330;146;74;44;78;465;582;187;632;4462;1559;2104;594
201712;04051447;04;05;14;47;1;5272;2506;2766;39;35;37;82;37;31;31;52;79;60;51;99;100;256;135;215;383;344;298;383;417;403;184;153;127;204;320;308;192;78;86;53;39;191;304;99;356;2175;740;959;409
201712;04051448;04;05;14;48;1;9241;4597;4644;70;70;64;124;46;40;64;124;100;102;41;120;209;380;225;437;729;630;577;634;806;675;388;225;258;398;572;543;310;160;79;41;70;304;471;120;589;4038;1288;1771;590
201712;04051549;04;05;15;49;1;4678;2317;2361;51;63;46;98;31;47;48;84;72;65;31;118;129;240;166;285;417;343;283;304;347;327;148;124;98;142;162;198;115;50;24;22;51;238;347;118;369;2145;599;600;211
201712;04051550;04;05;15;50;1;5617;2780;2837;36;60;46;71;40;35;39;82;94;69;45;119;159;323;173;315;453;431;388;380;500;397;213;139;158;190;229;214;112;60;31;16;36;217;364;119;482;2640;749;791;219
201712;04051551;04;05;15;51;1;4470;2184;2286;46;40;45;68;39;24;36;59;58;76;36;91;108;275;162;247;368;309;299;274;363;324;186;112;97;148;219;191;105;38;18;9;46;192;289;91;383;2022;622;655;170
201712;04051652;04;05;16;52;1;9755;4611;5144;65;77;85;134;78;62;51;143;118;130;64;239;268;418;225;431;635;633;582;711;794;778;370;287;257;424;601;524;323;139;82;27;65;374;568;239;686;4011;1435;1806;571
201712;04051653;04;05;16;53;1;6951;3428;3523;50;52;52;109;39;36;49;90;93;79;46;132;141;301;170;352;474;452;434;509;567;508;278;187;211;326;411;426;227;94;42;14;50;252;393;132;442;2958;973;1374;377
201712;04051654;04;05;16;54;1;3048;1433;1615;15;18;13;39;21;21;15;34;31;27;9;45;49;145;89;148;228;183;169;208;245;236;111;65;91;146;170;212;125;58;54;28;15;91;137;45;194;1270;412;619;265
201712;04051655;04;05;16;55;1;7081;3469;3612;61;61;50;129;62;54;51;108;87;87;59;161;210;355;215;374;620;541;466;495;569;497;273;148;165;241;349;298;167;80;30;18;61;302;446;161;565;3280;918;1053;295
201712;04051656;04;05;16;56;1;7608;3678;3930;69;61;69;120;55;61;65;146;121;106;76;168;228;375;189;421;631;548;515;542;673;505;271;188;175;233;367;322;174;87;37;10;69;305;575;168;603;3519;964;1097;308
201712;04061757;04;06;17;57;2;78;56;22;0;0;0;0;0;0;0;0;0;0;0;0;18;0;0;3;0;0;0;3;20;13;6;0;3;3;0;6;0;3;0;0;0;0;0;0;18;26;19;12;3
201712;05010101;05;01;01;01;2;10901;5311;5590;96;115;120;209;103;103;119;206;179;187;90;315;372;439;256;467;796;735;597;647;851;708;342;225;225;313;472;590;434;288;222;80;96;547;884;315;811;4349;1275;1600;1024
201712;05010102;05;01;01;02;2;5999;2905;3094;57;41;39;84;30;48;37;72;67;54;42;106;163;284;157;274;369;286;298;351;447;499;262;183;180;267;377;464;262;127;59;13;57;194;320;106;447;2182;944;1288;461
201712;05010103;05;01;01;03;2;7716;3761;3955;59;60;52;117;60;54;39;126;117;123;52;174;206;327;169;359;448;458;383;527;665;661;329;199;217;320;423;509;289;134;42;18;59;289;511;174;533;3009;1189;1469;483
201712;05010204;05;01;02;04;2;3605;1636;1969;28;47;40;102;44;42;37;99;74;108;49;130;149;152;61;98;215;216;167;184;232;219;110;93;70;118;167;198;162;118;43;33;28;233;409;130;301;1173;422;553;356
201712;05010205;05;01;02;05;2;1926;948;978;15;9;9;27;16;15;15;27;42;39;22;64;88;136;51;49;105;87;98;178;270;199;99;42;46;52;31;66;12;13;4;0;15;61;160;64;224;838;340;195;29
201712;05010206;05;01;02;06;2;10484;5067;5417;111;102;122;239;95;83;113;189;205;190;109;296;278;470;256;430;682;579;500;673;757;702;346;237;231;378;624;808;444;172;41;22;111;558;889;296;748;3877;1285;2041;679
201712;05010207;05;01;02;07;2;11548;5496;6052;107;150;134;239;127;148;135;266;278;232;118;378;355;461;281;471;701;738;682;708;811;837;405;261;236;345;491;708;525;164;56;0;107;650;1177;378;816;4392;1503;1780;745
201712;05010208;05;01;02;08;2;7714;3733;3981;85;69;85;181;80;80;74;131;91;93;40;152;206;394;254;502;678;542;460;533;634;558;268;154;138;223;310;355;213;92;27;12;85;415;509;152;600;3603;980;1026;344
201712;05010209;05;01;02;09;2;6122;2998;3124;51;46;51;114;47;48;46;102;101;102;40;179;181;222;131;202;312;337;320;420;547;470;272;188;166;263;357;407;261;101;31;7;51;258;439;179;403;2269;930;1193;400
201712;05010310;05;01;03;10;2;3931;1911;2020;50;59;50;78;37;33;44;73;50;54;37;78;96;205;159;239;312;289;249;277;304;259;134;78;93;118;145;148;112;40;27;4;50;224;291;78;301;1829;471;504;183
201712;05010311;05;01;03;11;2;5658;2635;3023;55;66;54;120;50;69;77;130;116;131;62;191;179;243;125;229;351;337;310;326;344;301;149;87;108;144;213;321;276;248;172;74;55;290;585;191;422;2022;537;786;770
201712;05010312;05;01;03;12;2;7212;3859;3353;95;91;84;181;70;87;91;145;154;149;54;199;241;452;277;523;714;578;461;456;521;441;186;137;115;174;203;168;110;33;15;7;95;426;680;199;693;3530;764;660;165
201712;05010313;05;01;03;13;2;6772;3483;3289;75;74;77;149;75;59;58;119;120;107;58;185;253;418;250;462;629;444;377;448;538;517;234;124;145;165;219;213;115;47;18;0;75;375;521;185;671;3148;875;742;180
201712;05010314;05;01;03;14;2;12281;6093;6188;144;153;133;246;100;116;82;202;173;182;88;281;388;668;444;695;1072;923;739;848;987;876;432;243;267;325;480;480;298;146;57;13;144;632;843;281;1056;5708;1551;1552;514
201712;05010339;05;01;03;39;2;980;554;426;13;20;19;47;17;15;13;36;32;26;19;43;38;58;30;57;76;82;62;55;53;34;27;16;19;18;21;22;9;0;3;0;13;103;141;43;96;415;77;80;12
201712;05020415;05;02;04;15;2;3889;1956;1933;21;27;27;65;27;34;36;61;91;81;44;145;202;197;77;70;140;179;171;348;582;440;185;113;105;102;110;91;66;28;21;3;21;146;347;145;399;1567;738;408;118
201712;05020416;05;02;04;16;2;1708;819;889;12;6;15;15;6;9;12;27;12;21;12;40;42;72;39;57;100;94;54;94;171;145;61;51;54;96;108;153;89;31;7;3;12;42;93;40;114;609;257;411;130
201712;05020417;05;02;04;17;2;5936;2999;2937;36;52;40;84;49;47;34;103;119;100;58;168;203;272;118;188;263;298;332;398;593;525;228;156;141;268;319;379;219;98;38;10;36;225;461;168;475;2190;909;1107;365
201712;05020418;05;02;04;18;2;4123;2026;2097;43;39;36;74;36;45;36;84;94;83;36;140;117;178;91;154;274;263;234;271;287;243;121;85;111;165;264;275;164;50;24;6;43;185;378;140;295;1574;449;815;244
201712;05020419;05;02;04;19;2;7074;3239;3835;63;75;72;126;80;81;78;124;116;109;44;159;185;273;165;266;451;425;352;418;494;496;220;141;144;269;473;611;386;129;46;3;63;353;552;159;458;2571;857;1497;564
201712;05020420;05;02;04;20;2;981;518;463;15;9;9;15;15;18;6;19;27;15;3;34;53;34;24;48;49;61;64;94;123;74;32;30;9;18;26;32;16;9;0;0;15;48;88;34;87;463;136;85;25
201712;05020521;05;02;05;21;2;3179;1528;1651;31;27;40;70;34;39;39;72;85;91;30;119;132;136;54;90;142;221;217;270;331;234;91;58;56;85;112;118;77;39;24;15;31;171;356;119;268;1325;383;371;155
201712;05020522;05;02;05;22;2;7416;3608;3808;99;111;92;215;110;113;96;194;187;152;87;244;249;362;183;300;510;518;447;462;500;450;213;123;143;217;322;366;213;102;30;6;99;528;829;244;611;2920;786;1048;351
201712;05020523;05;02;05;23;2;12660;6207;6453;164;206;197;376;192;199;204;363;336;353;159;498;474;625;327;505;858;839;722;745;763;734;340;253;264;353;519;571;307;148;63;3;164;971;1614;498;1099;4759;1327;1707;521
201712;05020524;05;02;05;24;2;6254;2991;3263;63;51;42;72;46;36;30;75;79;70;28;151;169;202;115;201;290;283;291;343;518;550;262;174;179;307;486;575;357;157;39;13;63;211;318;151;371;2041;986;1547;566
201712;05020625;05;02;06;25;2;7621;3658;3963;57;72;83;114;63;64;54;105;108;103;62;159;201;376;206;366;624;498;396;496;516;513;260;186;169;265;362;515;374;167;69;18;57;332;496;159;577;3102;959;1311;628
201712;05020626;05;02;06;26;2;19239;9753;9486;178;215;198;353;172;199;143;291;293;291;118;411;646;1207;696;1149;1666;1336;1150;1344;1530;1342;570;371;405;508;766;872;505;197;80;37;178;938;1335;411;1853;8871;2283;2551;819
201712;05020627;05;02;06;27;2;4349;2154;2195;46;49;40;105;50;49;55;104;86;88;52;147;147;218;104;189;327;298;252;308;346;274;150;87;88;131;157;171;130;77;24;0;46;244;434;147;365;1824;511;547;231
201712;05020628;05;02;06;28;2;2031;916;1115;15;12;20;33;15;12;24;25;33;21;12;39;56;69;42;46;99;95;96;98;152;150;60;46;53;97;150;184;175;77;22;3;15;80;127;39;125;628;256;484;277
201712;05020629;05;02;06;29;2;4484;2136;2348;19;21;25;40;21;18;25;49;52;70;31;91;91;105;54;78;186;182;172;281;388;392;178;142;149;236;485;473;244;106;60;20;19;107;245;91;196;1341;712;1343;430
201712;05030730;05;03;07;30;2;4002;2003;1999;37;49;57;105;42;60;70;117;105;115;54;158;159;176;67;119;295;330;349;325;312;224;100;65;68;114;128;109;48;21;21;3;37;253;521;158;335;1797;389;419;93
201712;05030731;05;03;07;31;2;11725;5593;6132;116;133;118;239;109;94;106;197;191;174;73;264;303;497;388;510;842;773;644;743;879;917;460;262;261;440;592;679;456;200;55;10;116;599;835;264;800;4779;1639;1972;721
201712;05030832;05;03;08;32;2;11928;5938;5990;123;146;123;248;141;120;124;226;235;207;82;303;375;651;338;644;922;848;703;820;922;795;387;246;222;356;509;518;336;168;70;20;123;658;994;303;1026;5197;1428;1605;594
201712;05030833;05;03;08;33;2;699;353;346;10;6;12;16;8;7;6;19;13;6;9;31;34;44;25;34;67;40;48;48;48;43;13;9;10;11;21;29;26;3;3;0;10;42;60;31;78;310;65;71;32
201712;05040934;05;04;09;34;2;3732;1904;1828;34;25;35;60;33;37;36;81;89;83;40;128;131;175;67;70;165;157;151;242;293;306;172;97;118;162;281;248;133;58;25;0;34;153;366;128;306;1145;575;809;216
201712;05040935;05;04;09;35;2;448;227;221;3;3;3;6;9;10;3;3;4;7;6;3;12;19;8;15;21;43;15;40;34;49;9;22;9;18;15;28;9;15;4;3;3;21;33;3;31;176;80;70;31
201712;05040936;05;04;09;36;2;9962;4925;5037;97;100;102;243;108;116;126;273;268;246;114;385;345;274;122;180;429;588;675;796;931;740;332;219;215;399;543;578;230;135;47;6;97;553;1143;385;619;3721;1291;1735;418
201712;05040937;05;04;09;37;2;2193;1099;1094;15;9;21;18;18;18;18;43;48;42;15;66;51;40;18;27;58;91;85;158;181;189;118;59;77;142;181;185;117;64;15;6;15;66;184;66;91;618;366;585;202
201712;05040938;05;04;09;38;2;3661;1760;1901;9;21;33;62;24;30;36;68;79;76;28;119;122;106;32;54;99;182;169;222;292;337;154;116;157;181;315;281;138;62;44;13;9;140;317;119;228;1050;607;934;257
201712;06010101;06;01;01;01;2;6915;3178;3737;54;49;42;109;43;42;51;116;125;113;51;196;226;291;147;217;333;381;340;472;567;475;273;150;153;329;454;507;313;164;102;30;54;243;498;196;517;2457;898;1443;609
201712;06010102;06;01;01;02;2;8763;4137;4626;94;91;93;170;67;75;68;144;96;115;60;197;216;444;265;451;731;663;571;567;717;663;349;216;231;323;427;360;167;77;39;16;94;421;558;197;660;3965;1228;1341;299
201712;06010103;06;01;01;03;2;6343;2962;3381;63;74;72;126;40;55;54;87;80;89;48;128;194;257;144;332;548;523;467;450;541;446;197;156;185;239;276;253;130;58;12;19;63;312;413;128;451;3005;799;953;219
201712;06010204;06;01;02;04;2;6953;3280;3673;46;61;60;104;66;51;46;103;121;122;49;173;189;319;206;359;495;410;388;498;596;492;271;142;170;237;385;395;241;111;41;6;46;291;492;173;508;2952;905;1187;399
201712;06010205;06;01;02;05;2;9682;4612;5070;100;99;84;175;82;76;88;157;130;130;67;203;273;457;274;485;751;725;570;665;824;734;385;236;226;318;443;471;245;123;64;22;100;440;648;203;730;4294;1355;1458;454
201712;06010206;06;01;02;06;2;7759;3585;4174;74;77;66;145;71;72;57;114;117;102;59;136;168;302;218;380;563;547;431;538;626;518;266;169;162;300;409;435;301;167;121;48;74;359;521;136;470;3303;953;1306;637
201712;06010207;06;01;02;07;2;7798;3662;4136;70;78;60;117;79;55;63;103;101;113;42;159;188;386;222;397;658;552;468;507;634;518;317;187;196;306;394;404;232;105;57;30;70;334;477;159;574;3438;1022;1300;424
201712;06010208;06;01;02;08;2;6746;3293;3453;55;66;60;125;55;45;61;111;85;81;55;105;161;306;190;337;591;479;402;439;563;510;271;157;192;272;361;305;177;77;40;12;55;306;438;105;467;3001;938;1130;306
201712;06010209;06;01;02;09;2;9197;4230;4967;112;110;75;150;73;57;66;123;117;99;58;155;198;448;260;555;812;708;560;606;732;656;353;204;205;312;441;440;281;155;55;21;112;408;520;155;646;4233;1213;1398;512
201712;06010210;06;01;02;10;2;4935;2332;2603;45;36;63;109;43;49;37;70;68;58;40;84;99;200;106;277;413;367;303;319;443;377;183;103;100;172;228;200;175;85;65;18;45;251;322;84;299;2228;663;700;343
201712;06020301;06;02;03;01;2;5015;2368;2647;48;45;42;94;37;42;47;63;69;66;33;130;121;195;102;185;299;257;267;347;411;348;166;136;120;212;318;400;268;91;44;12;48;218;320;130;316;1868;650;1050;415
201712;06020302;06;02;03;02;2;5544;2572;2972;42;34;39;78;46;44;52;82;66;88;47;131;99;165;99;141;284;326;288;371;443;370;229;157;147;249;417;404;295;169;96;46;42;197;379;131;264;1952;756;1217;606
201712;06020303;06;02;03;03;2;7432;3416;4016;72;68;83;130;62;78;48;111;96;82;54;155;166;311;216;380;611;591;419;478;589;533;298;149;157;241;381;393;275;121;71;13;72;343;469;155;477;3284;980;1172;480
201712;06020304;06;02;03;04;2;6915;3263;3652;59;72;52;123;64;48;48;106;96;82;37;127;184;325;175;363;496;453;385;492;587;510;235;158;176;293;356;397;249;125;42;0;59;311;417;127;509;2951;903;1222;416
201712;06020305;06;02;03;05;2;11521;5374;6147;97;104;104;211;120;97;111;204;211;166;76;250;342;594;317;520;738;725;614;720;875;771;399;248;292;412;571;720;513;223;133;43;97;539;865;250;936;4509;1418;1995;912
201712;06020306;06;02;03;06;2;6485;3122;3363;51;42;37;133;63;54;48;105;84;109;51;173;203;204;132;177;273;307;375;482;629;533;234;168;213;293;402;493;230;118;57;12;51;275;451;173;407;2375;935;1401;417
201712;06020407;06;02;04;07;2;4641;2265;2376;39;51;39;91;55;40;65;90;94;76;39;130;133;226;136;201;306;275;224;257;327;243;167;98;107;208;307;328;190;81;12;6;39;236;404;130;359;1726;508;950;289
201712;06020408;06;02;04;08;2;6859;3266;3593;57;69;57;121;50;65;62;106;115;120;57;149;205;282;153;232;391;390;389;454;555;509;204;158;167;269;428;538;308;141;45;13;57;297;525;149;487;2564;871;1402;507
201712;06020409;06;02;04;09;2;8277;3844;4433;69;95;64;145;75;82;70;131;119;144;64;208;195;281;137;249;434;471;459;572;644;540;301;202;178;343;567;645;405;195;135;58;69;379;610;208;476;2966;1043;1733;793
201712;06020410;06;02;04;10;2;7141;3350;3791;48;64;69;126;49;64;48;117;127;121;63;231;273;259;122;191;344;375;398;499;640;488;300;178;203;340;470;492;291;103;42;6;48;308;540;231;532;2569;966;1505;442
201712;06020411;06;02;04;11;2;8586;4024;4562;65;72;78;135;76;65;99;159;167;172;85;248;249;298;96;189;390;462;451;560;729;641;354;260;236;392;565;612;364;183;101;33;65;361;747;248;547;2877;1255;1805;681
201712;06030501;06;03;05;01;2;5858;2876;2982;30;44;49;82;64;52;61;122;118;110;63;195;239;249;88;109;228;295;300;377;520;365;209;131;134;244;400;502;303;107;58;10;30;239;526;195;488;1917;705;1280;478
201712;06030502;06;03;05;02;2;5678;2551;3127;45;54;49;122;45;39;33;90;77;84;46;126;169;197;123;199;380;330;350;403;480;449;224;124;144;197;281;361;265;120;56;16;45;270;369;126;366;2265;797;983;457
201712;06030503;06;03;05;03;2;11865;5527;6338;91;108;105;198;89;106;105;197;176;204;87;307;331;501;268;470;743;646;666;856;1050;901;443;328;298;477;646;726;450;174;94;24;91;500;875;307;832;4699;1672;2147;742
201712;06030504;06;03;05;04;2;11097;5175;5922;68;61;74;202;86;106;100;207;219;219;108;319;333;338;183;239;395;487;544;731;922;776;419;257;277;498;768;888;647;341;180;105;68;423;959;319;671;3501;1452;2431;1273
201712;06030605;06;03;06;05;2;6983;3367;3616;49;51;51;114;40;57;65;117;122;113;44;164;215;306;169;264;498;403;419;494;618;528;229;168;216;302;388;405;216;101;47;10;49;256;518;164;521;2865;925;1311;374
201712;06030606;06;03;06;06;2;5270;2525;2745;39;42;57;79;39;34;39;87;76;92;49;146;186;268;142;250;372;338;306;341;473;405;180;119;99;198;259;261;150;82;47;15;39;217;377;146;454;2222;704;817;294
201712;06030607;06;03;06;07;2;3004;1463;1541;21;21;18;69;18;12;30;54;48;51;30;60;120;260;129;142;158;160;171;192;236;184;116;62;54;79;137;187;130;40;15;0;21;126;225;60;380;1188;362;457;185
201712;06030608;06;03;06;08;2;13583;6714;6869;97;142;134;263;138;144;153;327;309;302;172;504;443;492;230;382;642;765;898;1122;1189;1011;429;274;315;455;683;775;441;219;91;42;97;677;1407;504;935;5228;1714;2228;793
201712;06030609;06;03;06;09;2;12101;5769;6332;105;100;101;237;123;118;126;219;217;228;105;320;318;492;225;423;719;701;644;915;1054;931;459;306;303;493;702;743;424;160;72;18;105;561;1013;320;810;4681;1696;2241;674
201712;06030610;06;03;06;10;2;8397;3923;4474;51;85;78;124;80;73;84;181;184;184;87;273;279;262;113;209;407;457;447;672;735;638;269;229;228;363;527;527;329;125;71;26;51;367;793;273;541;3040;1136;1645;551
201712;06040701;06;04;07;01;2;10260;4975;5285;76;83;73;207;110;111;112;229;196;192;104;293;270;280;145;196;381;474;582;779;931;723;392;269;294;448;734;855;416;191;81;33;76;473;944;293;550;3488;1384;2331;721
201712;06040702;06;04;07;02;2;5501;2676;2825;40;55;45;112;64;64;45;127;129;123;63;225;188;162;69;103;223;322;303;389;451;390;239;169;179;290;310;319;183;68;40;12;40;276;551;225;350;1860;798;1098;303
201712;06040703;06;04;07;03;2;11152;5377;5775;65;90;78;160;91;91;98;223;231;220;99;310;438;719;316;409;522;467;530;701;913;713;394;218;216;427;727;732;499;279;120;56;65;419;962;310;1157;3858;1325;2102;954
201712;06040804;06;04;08;04;2;7566;3588;3978;47;42;51;124;69;64;67;122;156;152;82;255;219;240;118;132;226;305;325;517;736;621;287;188;192;286;626;650;356;196;87;28;47;286;643;255;459;2359;1096;1754;667
201712;06040805;06;04;08;05;2;5366;2439;2927;21;48;33;90;48;54;61;108;105;105;51;160;170;148;80;91;179;261;275;404;499;379;198;145;147;254;389;427;231;114;65;26;21;219;484;160;318;1789;722;1217;436
201712;06040806;06;04;08;06;2;7326;3319;4007;45;51;42;120;61;59;57;131;170;145;72;270;236;265;98;175;246;298;337;560;726;572;258;168;222;298;504;560;365;150;47;18;45;274;634;270;501;2440;998;1584;580
201712;06040807;06;04;08;07;2;5828;2534;3294;36;21;37;79;58;42;46;104;118;103;63;151;187;212;93;148;222;279;287;362;438;399;201;121;154;217;368;436;345;256;181;64;36;195;476;151;399;1829;721;1175;846
201712;06040808;06;04;08;08;2;4612;2255;2357;38;66;56;124;58;59;50;135;132;145;68;156;180;166;68;88;182;322;392;490;452;294;107;70;89;114;178;177;90;33;23;10;38;304;589;156;346;1994;471;558;156
201712;06040809;06;04;08;09;2;5080;2478;2602;18;33;41;77;44;58;57;105;118;132;48;184;199;208;91;134;198;235;244;378;489;378;186;126;116;204;329;330;169;95;43;13;18;195;518;184;407;1769;690;979;320
201712;06040810;06;04;08;10;2;7042;3316;3726;45;45;58;113;63;53;68;147;154;150;72;281;251;243;102;164;315;284;402;519;591;462;245;161;143;257;498;552;335;132;89;48;45;279;644;281;494;2377;868;1450;604
201712;07010101;07;01;01;01;1;9964;5270;4694;76;77;82;133;68;79;67;119;114;96;56;167;225;379;242;450;755;706;683;776;864;763;461;251;261;389;506;490;341;168;90;30;76;360;531;167;604;4476;1475;1646;629
201712;07010102;07;01;01;02;1;16505;8860;7645;160;142;130;270;127;129;126;261;262;301;127;405;511;918;524;912;1340;1278;1120;1292;1425;1174;616;379;344;519;641;549;299;121;73;30;160;669;1206;405;1429;7891;2169;2053;523
201712;07010103;07;01;01;03;1;10489;5271;5218;90;108;112;171;68;75;77;164;150;154;88;226;284;490;322;532;915;851;698;778;943;816;382;279;246;339;405;333;224;114;28;27;90;459;708;226;774;5039;1477;1323;393
201712;07010104;07;01;01;04;1;13682;7171;6511;123;132;119;258;120;108;129;225;252;227;104;326;414;723;473;813;1277;1181;996;1064;1181;1001;492;285;223;356;483;300;186;75;24;12;123;629;1045;326;1137;6985;1778;1362;297
201712;07020201;07;02;02;01;1;10608;5123;5485;94;81;73;139;82;72;81;149;149;149;60;221;268;487;306;492;847;707;656;764;972;816;371;270;261;427;587;471;310;160;62;24;94;375;660;221;755;4744;1457;1746;556
201712;07020202;07;02;02;02;1;10264;5210;5054;106;113;108;204;69;86;72;142;143;113;61;202;231;497;369;769;1071;903;696;706;706;698;347;218;192;275;429;379;213;101;35;10;106;494;617;202;728;5220;1263;1275;359
201712;07020203;07;02;02;03;1;17935;9029;8906;172;201;181;334;159;133;138;278;277;255;128;417;496;878;614;1070;1782;1551;1263;1238;1603;1312;647;413;362;509;587;446;233;125;101;32;172;875;1209;417;1374;9121;2372;1904;491
201712;07020204;07;02;02;04;1;12032;6023;6009;144;144;141;240;97;100;96;179;168;128;78;209;244;624;406;813;1418;1281;860;918;1084;847;394;213;187;272;304;256;113;51;19;4;144;622;749;209;868;6780;1454;1019;187
201712;07030301;07;03;03;01;1;24768;11520;13248;242;219;214;425;216;205;220;448;422;460;217;594;695;1039;616;1062;1636;1687;1560;1871;2269;1888;993;664;648;959;1318;1059;507;221;142;52;242;1074;1972;594;1734;10701;3545;3984;922
201712;07030302;07;03;03;02;1;9446;4484;4962;81;91;93;164;69;93;78;134;168;135;78;266;291;483;273;423;701;637;547;638;820;755;407;265;239;330;468;399;228;62;27;3;81;417;686;266;774;4039;1427;1436;320
201712;07030303;07;03;03;03;1;12430;6026;6404;132;162;145;232;111;102;114;211;222;186;108;312;354;681;413;686;1110;1000;802;880;1064;845;434;260;232;374;448;399;255;84;47;25;132;650;943;312;1035;5955;1539;1453;411
201712;07040401;07;04;04;01;2;18077;8809;9268;145;189;201;330;189;168;174;384;294;302;157;459;553;826;497;861;1289;1308;1082;1308;1562;1310;624;353;371;545;783;852;586;239;110;26;145;909;1479;459;1379;7907;2287;2551;961
201712;07040402;07;04;04;02;2;2356;1132;1224;12;28;25;46;9;25;13;36;41;35;18;45;39;67;39;71;110;134;138;156;202;198;95;46;76;103;126;161;114;79;49;20;12;108;168;45;106;850;339;466;262
201712;07040403;07;04;04;03;2;24044;11516;12528;288;276;249;442;193;189;184;375;361;322;169;480;599;1146;813;1495;2321;1852;1548;1530;1879;1616;841;558;498;757;987;1032;622;251;133;38;288;1160;1600;480;1745;11438;3015;3274;1044
201712;07040404;07;04;04;04;2;5129;2417;2712;42;51;42;69;37;37;39;64;71;77;34;89;107;252;133;227;331;295;244;346;419;365;202;114;96;208;319;392;268;96;50;13;42;199;322;89;359;1995;681;1015;427
201712;07040405;07;04;04;05;2;10925;5301;5624;112;124;108;221;84;99;86;173;162;171;78;226;322;630;356;648;1039;795;698;686;782;698;353;231;225;305;390;456;330;192;115;30;112;537;769;226;952;5004;1282;1376;667
201712;07040406;07;04;04;06;2;4041;2115;1926;61;50;66;105;46;42;38;66;45;46;19;54;89;230;221;365;504;370;240;265;284;228;108;64;61;92;93;106;55;25;3;0;61;267;256;54;319;2249;400;352;83
201712;07050501;07;05;05;01;2;16367;7963;8404;203;163;165;319;137;153;124;256;223;201;94;351;363;827;516;902;1420;1157;932;1007;1241;1135;560;371;398;562;808;847;537;226;117;52;203;784;1051;351;1190;7175;2066;2615;932
201712;07050502;07;05;05;02;2;8262;3993;4269;74;73;67;117;50;58;48;119;100;122;56;177;212;369;263;437;616;520;435;528;592;536;296;172;185;266;356;479;393;278;190;78;74;307;503;177;581;3391;1004;1286;939
201712;07050503;07;05;05;03;2;9180;4269;4911;80;83;78;166;64;57;56;126;122;109;53;166;198;329;255;423;756;564;500;562;673;684;388;246;238;387;481;611;381;199;111;34;80;391;523;166;527;3733;1318;1717;725
201712;07050504;07;05;05;04;2;5632;2715;2917;45;58;48;95;52;42;48;69;85;98;34;148;202;261;148;216;326;364;279;370;502;402;204;148;113;177;275;357;287;126;36;17;45;253;376;148;463;2205;754;922;466
201712;07050505;07;05;05;05;2;10663;5036;5627;69;96;98;158;97;69;97;188;161;164;94;267;318;426;196;303;570;565;510;701;838;737;420;250;294;426;618;786;568;320;187;72;69;449;773;267;744;3683;1407;2124;1147
201712;07050506;07;05;05;06;2;2275;1144;1131;12;21;18;18;19;24;12;42;42;33;19;72;64;81;37;70;101;126;143;152;204;172;85;52;72;107;144;178;89;39;15;12;12;76;172;72;145;833;309;501;155
201712;07060601;07;06;06;01;2;10145;4989;5156;82;126;129;208;115;94;110;192;206;217;115;298;342;480;235;415;672;578;570;649;751;640;340;208;208;364;543;609;364;192;84;9;82;578;934;298;822;3870;1188;1724;649
201712;07060602;07;06;06;02;2;4687;2365;2322;32;32;33;67;39;39;45;100;103;93;55;116;159;154;82;130;218;239;266;320;493;354;163;129;125;190;311;325;166;76;33;0;32;171;435;116;313;1748;646;951;275
201712;07060603;07;06;06;03;2;3089;1495;1594;33;46;33;66;45;37;40;76;76;57;32;78;90;110;48;99;158;186;185;147;186;164;123;74;77;156;212;264;139;37;15;0;33;190;318;78;200;1009;361;709;191
201712;07060604;07;06;06;04;2;14494;6847;7647;122;135;177;255;132;132;161;249;244;230;126;375;395;607;300;566;900;862;804;852;942;984;504;338;405;655;895;1071;690;253;95;38;122;699;1142;375;1002;5226;1826;3026;1076
201712;07070701;07;07;07;01;2;10559;5032;5527;75;97;84;154;83;90;99;161;165;183;93;300;310;363;164;260;517;607;626;727;952;781;410;284;291;451;664;778;471;217;82;20;75;418;791;300;673;3853;1475;2184;790
201712;07070702;07;07;07;02;2;10835;5232;5603;78;117;93;227;89;96;109;173;192;170;102;286;282;376;184;355;558;576;597;804;981;833;431;267;318;483;689;724;428;151;51;15;78;526;842;286;658;4055;1531;2214;645
201712;07070703;07;07;07;03;2;7424;3473;3951;59;64;63;81;60;46;67;131;112;91;55;196;239;282;118;216;341;380;386;488;606;502;294;192;194;331;497;744;383;137;60;9;59;268;502;196;521;2535;988;1766;589
201712;07070704;07;07;07;04;2;8521;4128;4393;78;114;106;185;87;100;115;212;211;219;93;315;302;346;178;274;441;539;456;481;640;568;265;205;193;328;452;530;320;114;35;19;78;492;950;315;648;3009;1038;1503;488
201712;07070705;07;07;07;05;2;7012;3417;3595;60;66;55;124;42;51;57;108;134;147;79;224;229;265;123;162;340;352;393;520;707;592;271;184;175;289;458;448;238;82;31;6;60;287;576;224;494;2597;1047;1370;357
201712;07070706;07;07;07;06;2;3946;1895;2051;30;39;33;73;39;36;25;88;69;76;34;104;118;155;72;122;198;225;178;270;317;306;123;96;90;150;219;286;189;90;75;21;30;184;328;104;273;1382;525;745;375
201712;07070707;07;07;07;07;2;2953;1415;1538;30;39;27;59;32;25;25;51;53;43;24;66;100;88;40;55;117;154;123;205;271;230;118;81;83;134;238;254;113;47;22;6;30;157;221;66;188;965;429;709;188
201712;08010115;08;01;01;15;1;860;460;400;17;3;7;15;13;3;10;21;12;9;6;12;21;34;22;42;78;93;51;69;77;68;32;27;31;22;21;21;14;3;3;3;17;38;61;12;55;432;127;95;23
201712;08010116;08;01;01;16;1;3582;1897;1685;36;30;28;74;33;18;21;56;49;48;25;80;70;163;148;297;431;404;312;246;294;246;106;46;62;59;80;71;31;15;3;0;36;165;217;80;233;2132;398;272;49
201712;08010117;08;01;01;17;1;16152;8460;7692;201;191;154;289;136;114;132;224;217;181;81;265;310;710;659;1556;2634;2053;1231;974;1024;838;366;242;243;305;326;275;139;60;22;0;201;770;949;265;1020;10131;1446;1149;221
201712;08010118;08;01;01;18;1;11895;6162;5733;138;149;141;235;143;102;102;206;229;224;112;293;356;665;527;1112;1620;1179;760;700;683;576;252;128;136;168;255;253;187;144;79;41;138;668;975;293;1021;6581;956;812;451
201712;08010211;08;01;02;11;1;10007;5217;4790;100;96;88;181;82;82;76;149;144;138;65;207;223;552;491;985;1586;1156;661;604;617;440;246;153;116;167;209;205;121;48;15;4;100;447;654;207;775;6100;839;697;188
201712;08010212;08;01;02;12;1;7441;3745;3696;85;75;82;158;70;94;83;170;200;164;88;291;247;322;246;452;803;605;515;465;479;381;239;137;154;185;257;212;121;34;21;6;85;385;799;291;569;3565;757;808;182
201712;08010213;08;01;02;13;1;12673;6544;6129;144;154;134;271;117;106;103;196;196;156;101;288;360;663;551;1276;1911;1335;837;755;780;601;281;148;154;246;301;281;159;46;19;3;144;676;858;288;1023;7445;1030;982;227
201712;08010214;08;01;02;14;1;8041;4130;3911;67;75;54;142;54;68;74;133;151;131;68;220;263;514;358;742;975;672;499;501;541;466;220;137;115;166;199;186;120;77;31;22;67;325;625;220;777;4288;823;666;250
201712;08010301;08;01;03;01;1;27832;13963;13869;352;336;313;585;241;223;219;387;371;332;167;424;531;1126;904;2150;4104;3931;2443;1926;1879;1384;714;400;301;518;575;516;292;131;48;9;352;1475;1699;424;1657;17337;2498;1910;480
201712;08010302;08;01;03;02;1;3734;1867;1867;45;36;24;61;33;16;34;66;42;49;27;96;69;141;115;197;341;347;286;279;329;263;131;66;73;101;147;162;104;45;9;0;45;154;234;96;210;1894;460;483;158
201712;08010303;08;01;03;03;1;8555;4473;4082;100;87;97;178;95;77;84;121;131;148;34;179;233;427;411;816;1396;1035;623;467;480;404;177;96;107;148;161;160;67;10;3;3;100;457;595;179;660;5228;677;576;83
201712;08010404;08;01;04;04;1;23936;12433;11503;290;303;279;487;212;205;169;396;364;349;157;493;594;1308;1037;2295;3774;2713;1589;1324;1406;1296;553;341;296;391;538;398;219;98;46;16;290;1281;1640;493;1902;14138;2190;1623;379
201712;08010405;08;01;04;05;1;9048;4466;4582;92;115;70;162;82;73;67;132;138;114;46;148;218;473;346;785;1326;1113;656;562;513;431;195;142;118;186;189;245;150;77;61;23;92;429;570;148;691;5301;768;738;311
201712;08010406;08;01;04;06;1;7172;3671;3501;114;94;117;193;88;81;83;146;139;121;66;164;175;363;264;510;874;723;528;430;413;397;174;88;109;127;168;188;150;61;21;3;114;492;636;164;538;3742;659;592;235
201712;08010407;08;01;04;07;1;787;406;381;3;6;12;18;0;6;3;6;6;9;0;13;9;45;39;89;163;108;56;52;45;28;19;6;7;6;15;15;3;0;0;0;3;36;30;13;54;552;53;43;3
201712;08010508;08;01;05;08;1;5653;2840;2813;87;107;109;198;97;91;84;145;140;114;59;184;208;349;218;290;444;384;318;342;384;329;144;89;92;142;186;179;90;23;22;5;87;511;633;184;557;2380;562;599;140
201712;08010509;08;01;05;09;1;9532;4783;4749;116;131;142;313;157;154;172;288;261;263;117;356;378;537;297;430;685;597;609;626;639;494;271;159;165;214;301;288;186;107;60;19;116;743;1255;356;915;3883;924;968;372
201712;08010510;08;01;05;10;1;481;287;194;3;0;6;6;3;3;0;4;12;13;0;9;24;50;37;49;51;37;19;35;32;18;19;13;3;4;16;9;0;6;0;0;3;15;32;9;74;260;50;32;6
201712;08020619;08;02;06;19;2;11006;5727;5279;142;164;129;300;123;121;117;221;220;210;111;308;357;611;411;641;916;806;692;694;823;689;341;205;190;265;390;402;267;98;36;6;142;716;1000;308;968;4983;1235;1247;407
201712;08020620;08;02;06;20;2;9266;4480;4786;91;103;75;187;97;72;79;148;149;112;70;229;239;447;311;547;776;637;538;557;774;631;288;181;170;292;388;488;338;171;54;27;91;462;630;229;686;4140;1100;1338;590
201712;08020621;08;02;06;21;2;2324;1141;1183;18;16;24;42;21;32;24;43;42;42;22;49;70;95;45;58;89;124;112;164;226;250;120;81;72;103;117;116;63;32;12;0;18;103;205;49;165;818;451;408;107
201712;08020622;08;02;06;22;2;14238;6695;7543;121;150;152;289;120;105;119;213;205;191;82;323;352;595;367;625;948;870;822;906;1235;1079;597;376;349;554;755;790;476;267;163;42;121;711;915;323;947;5773;2052;2448;948
201712;08020623;08;02;06;23;2;1279;592;687;9;9;16;21;3;9;6;15;18;18;12;42;30;31;24;41;59;49;69;84;126;117;59;34;33;59;57;85;66;39;30;9;9;49;78;42;61;452;210;234;144
201712;08020624;08;02;06;24;2;1395;727;668;25;12;24;45;3;15;15;36;34;33;20;24;36;64;22;45;92;75;114;137;103;103;43;27;33;58;49;63;21;15;9;0;25;84;153;24;100;588;173;203;45
201712;08020625;08;02;06;25;2;3349;1744;1605;9;16;10;36;18;28;33;52;67;51;27;90;119;180;97;99;156;183;189;247;289;246;118;75;69;177;226;229;124;61;19;9;9;80;258;90;299;1260;439;701;213
201712;08020726;08;02;07;26;2;8356;4001;4355;64;82;70;128;51;70;90;129;118;107;72;198;258;335;168;274;458;455;484;627;723;667;342;201;241;339;501;562;316;157;63;6;64;331;586;198;593;3189;1210;1643;542
201712;08020727;08;02;07;27;2;11966;5750;6216;89;96;114;193;103;122;105;210;204;197;94;334;373;581;274;411;635;605;576;780;968;874;432;243;297;469;791;982;541;196;55;22;89;506;932;334;954;4249;1549;2539;814
201712;08020728;08;02;07;28;2;8576;4281;4295;78;104;95;186;84;105;83;165;143;159;90;259;325;432;221;383;519;476;465;558;594;593;268;198;200;323;467;525;320;114;35;9;78;469;745;259;757;3216;1059;1515;478
201712;08030829;08;03;08;29;2;12523;5845;6678;127;127;143;254;121;130;141;233;250;227;119;344;372;535;282;508;783;674;634;714;809;785;468;255;277;380;788;1024;669;251;89;10;127;645;1100;344;907;4404;1508;2469;1019
201712;08030830;08;03;08;30;2;7398;3442;3956;76;83;55;114;49;62;49;96;88;91;35;144;126;248;166;312;460;320;341;412;507;490;270;161;189;419;634;690;459;167;72;13;76;301;421;144;374;2518;921;1932;711
201712;08030831;08;03;08;31;2;17102;8129;8973;200;197;193;334;174;150;160;318;316;338;153;498;540;776;451;733;1086;956;963;993;1224;1127;575;365;385;613;966;1160;739;277;105;37;200;898;1435;498;1316;6406;2067;3124;1158
201712;08040932;08;04;09;32;2;2846;1352;1494;18;24;38;50;32;21;33;58;64;54;33;59;73;100;45;78;146;163;155;151;168;162;96;90;76;159;219;229;152;78;19;3;18;144;263;59;173;906;348;683;252
201712;08040933;08;04;09;33;2;4202;2000;2202;42;34;26;43;33;26;21;30;53;55;27;91;107;173;134;171;237;220;162;275;385;310;151;93;119;167;272;376;220;87;39;23;42;136;212;91;280;1584;554;934;369
201712;08040934;08;04;09;34;2;2678;1315;1363;27;21;33;49;33;23;18;43;39;58;28;78;77;139;56;120;144;149;128;183;217;238;122;72;82;102;149;146;66;31;4;3;27;136;209;78;216;997;432;479;104
201712;08041035;08;04;10;35;2;8187;4098;4089;56;76;77;139;64;64;65;134;109;159;91;261;275;346;124;210;359;415;436;607;788;587;350;238;254;344;504;617;285;113;40;0;56;356;622;261;621;2939;1175;1719;438
201712;08041036;08;04;10;36;2;6860;3386;3474;52;43;51;100;62;55;60;111;112;120;57;199;216;272;132;166;255;381;348;455;663;570;296;192;194;342;475;463;274;94;37;13;52;256;515;199;488;2400;1058;1474;418
201712;08041037;08;04;10;37;2;9677;4729;4948;73;95;85;159;71;63;56;149;153;157;62;242;285;397;211;310;484;442;477;635;865;829;406;250;261;437;647;714;428;158;61;15;73;410;640;242;682;3424;1485;2059;662
201712;08041038;08;04;10;38;2;6945;3400;3545;53;55;60;128;75;73;57;109;114;104;64;184;208;264;104;167;285;357;392;505;676;552;236;162;198;300;446;505;326;121;50;15;53;318;521;184;472;2486;950;1449;512
201712;08041039;08;04;10;39;2;3863;1847;2016;48;51;39;88;36;37;36;75;68;82;40;135;150;150;104;179;306;273;248;288;338;259;109;65;65;100;104;129;127;72;44;18;48;214;338;135;300;1736;433;398;261
201712;08041040;08;04;10;40;2;7970;3773;4197;79;82;75;160;71;67;74;143;151;148;93;275;306;323;115;206;426;456;448;557;680;640;328;192;239;326;438;474;263;94;38;3;79;388;676;275;629;2888;1160;1477;398
201712;09010101;09;01;01;01;2;12265;6179;6086;156;163;158;295;139;127;114;232;215;190;95;228;229;399;330;726;1639;1480;1120;945;909;664;242;145;140;165;268;299;278;113;46;16;156;755;973;228;628;7149;1051;872;453
201712;09010102;09;01;01;02;2;73;39;34;0;6;3;0;0;3;0;3;0;0;0;3;3;0;0;4;0;6;3;12;9;6;6;0;0;3;3;0;0;0;0;0;0;9;6;3;3;34;12;6;0
201712;09010201;09;01;02;01;2;4320;2090;2230;51;75;60;114;64;45;48;81;60;82;24;99;81;99;79;210;450;445;302;321;356;234;106;68;62;77;127;207;185;78;24;6;51;313;340;99;180;2163;408;473;293
201712;09010202;09;01;02;02;2;6851;3271;3580;59;60;48;103;41;36;33;60;51;46;24;71;118;318;195;416;678;486;374;416;523;480;197;131;128;186;332;567;429;175;57;13;59;252;250;71;436;3088;808;1213;674
201712;09010301;09;01;03;01;2;15577;7437;8140;181;150;147;249;114;107;96;218;168;136;66;207;216;586;476;1195;1733;1287;823;904;1041;854;396;267;200;300;471;1127;1094;529;194;45;181;660;791;207;802;7459;1517;2098;1862
201712;09010302;09;01;03;02;2;2927;1473;1454;23;28;25;50;24;21;21;45;54;61;31;93;109;118;41;63;97;152;172;235;352;285;114;77;72;101;134;190;94;39;0;6;23;127;233;93;227;1112;476;497;139
201712;09010401;09;01;04;01;2;8451;3966;4485;75;72;82;130;57;52;58;87;90;106;39;152;149;267;160;372;611;533;330;469;658;588;295;151;168;255;446;910;702;267;85;35;75;341;432;152;416;3133;1034;1779;1089
201712;09010402;09;01;04;02;2;11454;5674;5780;120;124;131;258;116;113;119;225;209;219;117;303;304;463;289;642;946;889;721;868;1019;816;354;248;211;272;372;415;312;178;71;10;120;629;1002;303;767;5374;1418;1270;571
201712;09020501;09;02;05;01;2;6874;3596;3278;78;104;94;161;75;81;76;99;100;108;54;142;237;439;302;657;862;708;394;380;441;340;145;85;96;83;105;148;125;110;36;9;78;434;518;142;676;3744;570;432;280
201712;09020502;09;02;05;02;2;15422;7794;7628;200;235;189;355;162;123;131;239;216;218;86;360;463;921;559;1124;1847;1476;899;907;1031;867;402;232;174;262;379;543;514;208;70;30;200;941;1013;360;1384;7843;1501;1358;822
201712;09020601;09;02;06;01;2;8318;4347;3971;128;109;122;170;64;83;63;133;104;106;63;142;249;545;366;704;1006;808;439;445;500;400;193;93;130;130;208;330;288;123;65;9;128;465;552;142;794;4268;686;798;485
201712;09020602;09;02;06;02;2;3543;1723;1820;15;27;24;69;24;21;30;66;43;52;24;69;64;96;48;123;190;211;199;218;318;262;155;98;97;156;209;284;250;83;15;3;15;144;236;69;160;1307;515;746;351
201712;09020701;09;02;07;01;2;2279;1215;1064;48;43;21;45;18;15;6;22;9;12;3;12;123;365;157;269;335;183;101;87;89;68;40;22;44;45;43;26;22;3;3;0;48;127;67;12;488;1221;130;158;28
201712;09020702;09;02;07;02;2;16446;8148;8298;173;179;163;317;151;114;151;279;210;227;107;327;375;724;457;1058;1614;1269;966;1059;1254;1073;526;330;285;383;597;959;683;318;97;21;173;810;1088;327;1099;7677;1929;2224;1119
201712;09020801;09;02;08;01;2;2920;1422;1498;41;48;36;69;30;24;24;36;42;39;9;27;66;91;56;154;298;253;194;199;241;225;101;84;58;85;98;116;101;54;21;0;41;183;174;27;157;1395;410;357;176
201712;09020802;09;02;08;02;2;7861;3936;3925;123;87;87;193;111;80;91;185;149;156;57;215;188;335;185;493;815;669;442;472;533;487;222;142;124;145;226;457;269;94;26;3;123;478;718;215;523;3609;851;952;392
201712;09030901;09;03;09;01;2;13241;6594;6647;127;136;137;303;154;133;141;299;253;229;114;343;344;379;186;438;798;924;839;1052;1378;1171;510;296;291;386;542;662;379;202;65;30;127;730;1169;343;723;5615;1977;1881;676
201712;09030902;09;03;09;02;2;5745;2764;2981;63;63;74;139;70;54;63;126;115;123;51;183;165;258;127;278;445;349;300;397;512;504;222;138;112;139;190;222;144;90;26;3;63;346;532;183;423;2408;864;663;263
201712;09030903;09;03;09;03;2;8036;4051;3985;106;91;93;204;103;105;120;189;177;190;79;251;284;285;162;344;603;612;518;628;789;579;279;127;151;216;213;292;176;55;12;3;106;491;860;251;569;3656;985;872;246
201712;09031001;09;03;10;01;2;12851;6365;6486;123;128;118;234;110;98;120;250;216;221;114;313;370;373;161;399;715;827;762;987;1315;1141;546;319;314;430;624;756;467;187;85;28;123;590;1019;313;743;5166;2006;2124;767
201712;09031101;09;03;11;01;2;6317;3081;3236;66;66;56;113;44;42;43;92;101;64;39;110;118;181;97;266;441;430;403;451;568;458;224;141;159;211;280;490;375;126;56;6;66;279;381;110;299;2656;823;1140;563
201712;09031201;09;03;12;01;2;1822;900;922;13;6;15;24;15;9;15;34;46;21;21;54;33;24;12;34;83;117;100;131;167;151;81;65;67;75;137;148;81;24;12;7;13;60;146;54;57;644;297;427;124
201712;09031202;09;03;12;02;2;2538;1245;1293;29;24;24;54;28;21;30;33;39;36;15;69;80;64;15;56;118;172;147;215;279;209;127;58;55;95;135;157;100;38;9;7;29;130;174;69;144;1002;394;442;154
201712;09041301;09;04;13;01;2;14556;7088;7468;87;103;96;205;106;97;95;206;197;178;90;250;272;402;173;450;792;842;664;814;1251;1153;671;466;476;550;844;1483;932;391;160;60;87;510;863;250;674;4986;2290;3353;1543
201712;09041302;09;04;13;02;2;1891;919;972;22;15;9;39;12;15;18;49;33;30;12;45;34;31;18;39;93;125;120;141;166;192;73;54;66;68;107;134;82;37;9;3;22;75;157;45;65;702;319;375;131
201712;09041401;09;04;14;01;2;4720;2131;2589;24;39;33;57;28;30;32;61;43;54;30;101;66;105;54;166;251;212;177;249;255;267;141;111;131;254;551;626;352;133;55;32;24;157;250;101;171;1364;519;1562;572
201712;09041402;09;04;14;02;2;1498;726;772;18;27;15;30;9;18;9;30;18;30;12;33;39;24;12;67;100;103;78;97;127;143;54;36;31;51;73;104;53;48;9;0;18;81;117;33;63;584;233;259;110
201712;09041501;09;04;15;01;2;7646;3747;3899;94;110;84;193;93;80;72;165;145;151;79;197;196;277;187;448;767;674;509;469;566;534;244;156;155;194;183;261;204;94;49;16;94;480;692;197;473;3620;934;793;363
201712;09041601;09;04;16;01;2;6691;3371;3320;39;45;66;92;61;63;54;121;120;93;57;156;156;124;66;161;287;400;359;505;796;679;297;207;224;272;364;431;269;99;22;6;39;264;508;156;280;2574;1183;1291;396
201712;09051701;09;05;17;01;2;3716;1781;1935;40;39;33;64;31;15;27;54;38;52;24;54;81;104;42;173;202;250;219;240;277;263;118;78;93;108;198;293;305;153;36;12;40;167;210;54;185;1403;459;692;506
201712;09051702;09;05;17;02;2;14823;6761;8062;133;127;140;271;132;121;139;279;245;237;120;356;276;251;148;403;827;958;902;1047;1352;1071;477;309;279;390;702;1343;993;515;211;69;133;670;1141;356;527;5637;1857;2714;1788
201712;09051801;09;05;18;01;2;9499;4753;4746;79;83;75;171;79;89;90;165;173;180;79;226;219;193;87;198;421;535;540;697;980;892;412;288;249;370;519;676;424;213;68;29;79;408;776;226;412;3458;1592;1814;734
201712;09051901;09;05;19;01;2;11002;5277;5725;143;138;111;213;106;84;84;150;134;117;65;218;220;361;292;720;1108;979;634;690;775;698;353;250;212;297;463;547;436;274;100;30;143;568;634;218;581;5198;1301;1519;840
201712;09052001;09;05;20;01;2;12826;6021;6805;104;103;103;203;84;84;87;192;179;160;79;275;258;343;203;443;829;762;659;812;1043;1021;469;322;304;373;671;1104;977;424;120;36;104;493;781;275;601;4751;1812;2452;1557
201712;10010101;10;01;01;01;2;5706;2823;2883;57;95;69;137;67;37;57;148;129;121;44;146;118;200;151;337;551;445;319;325;475;527;298;170;150;149;137;112;83;45;7;0;57;368;536;146;318;2603;995;548;135
201712;10010102;10;01;01;02;2;18425;9348;9077;203;229;229;468;238;229;222;445;447;402;196;547;557;801;410;905;1662;1331;1050;949;1314;1756;905;515;401;457;482;544;323;150;55;3;203;1164;1941;547;1358;7621;3176;1884;531
201712;10010203;10;01;02;03;2;1590;1148;442;28;24;24;31;24;16;27;36;28;39;18;48;101;190;85;145;177;143;113;77;92;69;25;24;3;3;0;0;0;0;0;0;28;103;164;48;291;832;118;6;0
201712;10010204;10;01;02;04;2;10675;5218;5457;113;169;152;257;126;113;123;268;201;187;118;290;275;351;192;476;978;883;554;500;569;760;640;433;395;411;385;355;217;125;47;12;113;704;1010;290;626;4152;1833;1546;401
201712;10010205;10;01;02;05;2;8167;4125;4042;72;99;79;186;93;85;87;187;156;141;60;186;202;328;184;502;774;686;416;424;538;710;458;272;233;285;267;228;147;61;21;0;72;457;716;186;530;3524;1440;1013;229
201712;10010206;10;01;02;06;2;17609;8903;8706;141;179;186;337;184;157;160;323;284;293;112;360;412;724;414;845;1408;1333;892;826;934;1244;972;729;683;826;817;881;579;240;113;21;141;886;1329;360;1136;6652;2945;3207;953
201712;10010207;10;01;02;07;2;10759;5276;5483;81;110;107;211;105;89;87;218;201;202;94;258;240;379;215;502;799;689;559;495;575;709;604;484;455;590;598;544;317;168;62;12;81;533;891;258;619;3834;1797;2187;559
201712;10010308;10;01;03;08;2;2270;1230;1040;31;33;27;42;21;22;18;28;39;21;16;53;62;86;38;111;213;175;129;135;193;167;79;68;51;81;97;120;73;32;9;0;31;123;144;53;148;994;314;349;114
201712;10010309;10;01;03;09;2;14391;6925;7466;118;96;123;233;126;99;108;225;247;191;102;285;284;479;262;641;1113;1033;725;669;802;974;655;536;544;781;978;983;543;317;101;18;118;578;972;285;763;5245;2165;3286;979
201712;10010310;10;01;03;10;2;18267;9109;9158;127;187;175;364;175;159;149;343;287;282;123;409;440;559;376;773;1309;1282;951;908;1052;1285;907;763;843;1007;1180;1059;545;173;60;15;127;901;1343;409;999;6651;2955;4089;793
201712;10010311;10;01;03;11;2;3266;1456;1810;45;39;45;73;42;24;28;43;55;42;27;75;55;69;42;132;298;240;160;157;266;235;122;67;73;94;118;188;177;152;72;11;45;199;219;75;124;1295;424;473;412
201712;10020412;10;02;04;12;2;6810;3333;3477;120;114;117;248;121;118;122;227;179;174;80;231;226;279;202;421;684;461;345;360;502;538;212;111;103;124;113;123;100;42;9;4;120;600;900;231;505;2975;861;463;155
201712;10020413;10;02;04;13;2;15797;7716;8081;209;238;203;394;170;177;167;330;263;251;102;339;381;720;446;1142;1602;1144;719;829;1333;1433;695;347;336;358;400;482;326;189;56;16;209;1005;1290;339;1101;7215;2475;1576;587
201712;10020414;10;02;04;14;2;1680;805;875;15;15;12;32;18;21;16;30;32;45;25;57;43;90;58;124;189;128;88;99;105;114;48;31;28;31;42;49;54;29;9;3;15;77;169;57;133;791;193;150;95
201712;10020415;10;02;04;15;2;5694;2835;2859;66;85;92;182;81;83;81;141;118;121;66;170;193;211;183;348;548;430;344;303;449;473;212;101;98;103;105;133;103;52;16;3;66;440;610;170;404;2605;786;439;174
201712;10020416;10;02;04;16;2;5587;2899;2688;70;83;78;162;84;64;82;167;122;105;55;137;169;309;174;398;665;443;320;353;415;424;163;88;80;82;95;98;56;31;12;3;70;407;595;137;478;2768;675;355;102
201712;10020517;10;02;05;17;2;9181;4454;4727;93;91;105;168;102;90;78;166;151;133;52;144;202;304;212;558;804;598;363;515;1052;988;464;205;213;234;310;390;256;113;27;0;93;466;670;144;506;4102;1657;1147;396
201712;10020518;10;02;05;18;2;5214;2554;2660;61;74;88;157;78;69;63;109;129;120;51;166;148;201;131;341;489;436;265;346;464;443;171;97;92;77;120;99;80;40;9;0;61;397;541;166;349;2472;711;388;129
201712;10020519;10;02;05;19;2;6180;3194;2986;91;104;109;221;100;108;117;171;187;146;82;177;154;308;206;428;674;470;323;302;433;400;180;116;92;99;112;117;85;50;12;6;91;534;811;177;462;2836;696;420;153
201712;10020620;10;02;06;20;2;3376;1668;1708;34;42;36;70;30;34;42;30;27;31;21;49;59;153;107;258;371;276;152;172;291;345;168;111;89;94;87;85;67;35;10;0;34;178;185;49;212;1627;624;355;112
201712;10020621;10;02;06;21;2;6224;3089;3135;105;109;114;190;79;82;80;139;143;98;60;163;156;310;205;516;658;486;293;332;492;490;224;88;96;119;137;119;98;30;7;6;105;492;602;163;466;2982;802;471;141
201712;10020622;10;02;06;22;2;8668;4042;4626;81;73;78;151;80;72;70;141;142;94;49;175;140;214;149;492;765;615;422;394;553;730;431;350;302;360;455;471;297;191;99;32;81;382;568;175;354;3390;1511;1588;619
201712;10020623;10;02;06;23;2;6538;3110;3428;45;54;57;121;48;57;45;111;108;87;27;114;128;138;75;242;472;416;268;303;635;838;353;222;170;229;322;369;277;141;43;23;45;280;435;114;266;2411;1413;1090;484
201712;10030724;10;03;07;24;2;7782;3839;3943;30;51;39;116;54;43;55;127;106;96;36;123;215;397;190;291;389;422;382;438;736;721;405;275;258;332;431;520;301;146;44;13;30;260;463;123;612;2848;1401;1541;504
201712;10030725;10;03;07;25;2;6250;3138;3112;50;52;58;96;71;54;37;91;111;74;39;159;172;214;119;262;490;428;374;338;462;543;334;217;212;247;288;297;192;116;37;16;50;277;406;159;386;2473;1094;1044;361
201712;10030726;10;03;07;26;2;3299;1605;1694;41;42;30;86;54;36;37;57;51;49;33;69;70;91;40;74;203;251;183;237;284;282;123;78;80;77;154;189;133;107;42;16;41;212;263;69;161;1272;483;500;298
201712;10030727;10;03;07;27;2;9425;4662;4763;72;69;69;159;99;98;72;206;166;189;72;207;196;217;75;197;403;571;593;748;1088;982;460;344;265;355;412;499;288;160;64;30;72;396;803;207;413;3675;1786;1531;542
201712;10040828;10;04;08;28;2;7787;3831;3956;60;63;60;159;64;84;66;156;136;123;57;210;198;163;99;252;494;520;412;511;922;888;409;235;215;253;344;349;186;75;21;3;60;346;622;210;361;3210;1532;1161;285
201712;10040829;10;04;08;29;2;3846;1909;1937;36;45;30;63;39;36;27;70;57;69;24;105;96;113;48;123;256;235;197;311;412;355;151;100;111;130;183;220;121;57;20;6;36;177;283;105;209;1582;606;644;204
201712;10040830;10;04;08;30;2;7624;3781;3843;57;51;70;124;90;70;66;148;148;121;48;193;180;157;57;189;312;442;469;639;737;812;389;272;242;299;373;479;261;98;24;7;57;335;601;193;337;2845;1473;1393;390
201712;10040931;10;04;09;31;2;9565;4775;4790;60;88;84;192;84;87;99;176;156;139;63;209;214;214;97;231;497;643;600;658;1156;1068;497;312;254;330;427;480;263;117;50;20;60;448;720;209;428;3882;1877;1491;450
201712;10040932;10;04;09;32;2;4046;2054;1992;30;36;37;63;43;31;42;63;54;45;19;129;86;88;49;155;262;284;200;266;412;456;195;114;133;140;193;235;129;30;21;6;30;179;254;129;174;1628;765;701;186
201712;10040933;10;04;09;33;2;14986;7466;7520;118;119;133;283;135;161;138;271;267;240;141;360;353;336;126;334;694;930;893;1206;1673;1567;785;461;396;569;723;861;441;193;70;9;118;670;1218;360;689;5856;2813;2549;713
201712;11010101;11;01;01;01;2;603;368;235;9;0;9;9;9;3;6;9;12;12;6;9;9;24;6;19;46;47;34;41;77;60;33;15;19;19;25;21;9;3;3;0;9;27;48;9;33;270;108;84;15
201712;11010102;11;01;01;02;2;2560;1283;1277;9;12;12;45;12;19;31;51;61;56;24;58;57;37;15;56;113;184;145;174;343;355;169;87;77;82;98;102;35;32;9;0;9;81;242;58;94;1030;611;359;76
201712;11010103;11;01;01;03;2;1557;837;720;15;15;24;25;22;9;25;37;27;36;18;37;58;45;33;59;109;104;101;139;176;165;77;37;34;35;27;31;21;16;0;0;15;86;152;37;103;721;279;127;37
201712;11010204;11;01;02;04;2;8975;4414;4561;138;134;115;240;114;116;105;217;188;180;82;244;192;328;211;532;829;661;452;512;767;893;372;197;171;212;221;243;160;75;56;18;138;603;888;244;520;3964;1462;847;309
201712;11010205;11;01;02;05;2;6679;3335;3344;69;75;66;123;88;60;72;148;125;129;54;172;154;234;172;367;655;465;361;348;568;675;335;214;142;179;224;207;122;60;9;7;69;352;588;172;388;2936;1224;752;198
201712;11010206;11;01;02;06;2;6064;2898;3166;47;79;52;111;60;58;69;126;128;97;46;155;159;207;128;273;498;396;249;311;525;696;322;177;176;187;215;242;176;75;21;3;47;302;524;155;366;2380;1195;820;275
201712;11010207;11;01;02;07;2;7474;3605;3869;89;103;112;200;93;82;78;177;132;120;70;174;211;303;176;431;756;598;358;404;516;643;294;198;136;164;199;259;199;129;64;6;89;508;659;174;514;3239;1135;758;398
201712;11010308;11;01;03;08;2;11789;5794;5995;120;135;124;275;126;108;126;240;234;204;90;250;258;402;217;491;997;744;534;537;834;1287;745;417;328;419;460;484;356;151;70;26;120;660;1002;250;660;4354;2449;1691;603
201712;11010309;11;01;03;09;2;9740;4899;4841;109;114;109;227;115;99;107;211;226;192;87;275;236;387;223;420;891;685;503;570;753;903;496;275;227;290;340;298;232;115;19;6;109;565;922;275;623;4045;1674;1155;372
201712;11010310;11;01;03;10;2;5338;2651;2687;38;48;33;84;54;23;39;88;81;75;33;88;92;158;107;243;444;379;226;236;330;555;398;272;203;238;287;281;132;63;10;0;38;219;339;88;250;1965;1225;1009;205
201712;11020411;11;02;04;11;2;9414;4729;4685;131;157;128;275;122;116;112;176;167;151;76;199;239;437;214;422;715;647;547;551;711;806;363;212;235;280;405;443;231;112;28;6;131;682;798;199;676;3807;1381;1363;377
201712;11020412;11;02;04;12;2;6823;3331;3492;85;58;60;129;57;65;60;135;119;109;54;162;162;277;149;314;541;508;398;345;434;470;277;210;202;265;316;372;272;125;68;25;85;304;542;162;439;2689;957;1155;490
201712;11020513;11;02;05;13;2;3958;1921;2037;27;60;39;95;54;54;64;126;92;89;46;117;97;104;39;138;246;290;261;276;300;291;151;75;85;130;179;184;122;83;34;10;27;248;471;117;201;1550;517;578;249
201712;11020514;11;02;05;14;2;9444;4676;4768;142;115;139;208;107;87;84;143;127;136;55;178;224;426;237;671;1081;823;649;662;720;569;247;158;185;198;299;339;258;145;19;13;142;569;632;178;650;4843;974;1021;435
201712;11020515;11;02;05;15;2;14669;7092;7577;139;180;146;298;146;147;127;267;238;216;111;379;393;538;319;739;1183;1020;869;875;897;910;472;405;487;662;893;867;472;187;68;19;139;770;1106;379;931;5902;1787;2909;746
201712;11020516;11;02;05;16;2;3843;1897;1946;42;52;37;67;35;41;27;36;66;55;24;82;72;77;71;190;328;298;246;261;318;345;182;120;98;133;161;194;114;59;12;0;42;191;249;82;149;1712;647;586;185
201712;11030617;11;03;06;17;2;6252;3092;3160;57;69;51;109;57;55;42;104;92;82;45;99;145;319;204;401;585;412;257;330;313;311;160;95;97;213;481;560;291;148;55;13;57;286;420;99;464;2502;566;1351;507
201712;11030618;11;03;06;18;2;16233;7894;8339;124;154;150;259;130;108;119;221;182;201;84;293;423;778;481;964;1520;1052;789;805;997;966;480;317;375;617;1050;1300;834;351;94;15;124;693;915;293;1201;6608;1763;3342;1294
201712;11030619;11;03;06;19;2;10855;5329;5526;99;122;123;198;94;99;91;161;177;128;77;197;260;510;304;711;1018;710;570;631;638;626;306;186;188;387;703;789;466;184;76;26;99;537;733;197;770;4582;1118;2067;752
201712;11030720;11;03;07;20;2;5456;3316;2140;74;33;28;82;30;24;34;59;44;50;18;54;269;682;351;497;638;458;372;280;358;275;137;64;55;67;80;84;92;116;33;18;74;173;229;54;951;2954;476;286;259
201712;11030721;11;03;07;21;2;24712;12548;12164;311;359;314;530;229;237;208;362;328;303;128;446;508;1153;824;1914;3365;2663;1623;1479;1478;1316;679;402;358;447;618;809;682;410;176;53;311;1432;1566;446;1661;13346;2397;2232;1321
201712;11030824;11;03;08;24;2;10063;5024;5039;83;91;90;172;80;80;90;189;149;125;61;219;311;619;374;665;905;672;508;526;678;630;278;193;171;289;543;714;384;131;34;9;83;433;694;219;930;4328;1101;1717;558
201712;11040925;11;04;09;25;2;4138;2158;1980;73;79;77;140;45;45;43;100;70;81;27;72;108;167;110;295;634;644;405;327;253;151;58;30;28;22;30;15;6;3;0;0;73;341;366;72;275;2668;239;95;9
201712;11040926;11;04;09;26;2;28454;14342;14112;343;387;332;586;279;212;226;404;343;318;169;392;532;1246;980;2603;4103;3097;1834;1603;1677;1490;752;534;533;634;873;921;642;301;92;16;343;1584;1672;392;1778;15897;2776;2961;1051
201712;11041022;11;04;10;22;2;5532;2904;2628;39;46;31;85;37;28;34;67;40;66;30;87;172;345;238;455;540;414;260;277;322;287;174;106;84;89;214;464;330;135;27;9;39;199;265;87;517;2506;567;851;501
201712;11041023;11;04;10;23;2;6544;3207;3337;90;88;79;143;67;73;60;129;120;109;54;136;169;337;200;478;666;543;318;323;363;348;212;151;165;242;256;274;194;83;57;17;90;377;545;136;506;2891;711;937;351
201712;11041027;11;04;10;27;2;2973;1503;1470;33;33;39;64;42;26;24;52;29;39;21;77;79;144;76;198;276;233;132;155;154;194;117;94;70;94;115;155;105;76;27;0;33;178;191;77;223;1224;405;434;208
201712;11041128;11;04;11;28;2;25140;11749;13391;197;243;211;370;161;195;174;306;311;305;156;427;492;1062;695;1370;1969;1534;1092;1252;1491;1485;774;564;514;850;1636;2445;1772;786;236;65;197;985;1447;427;1554;9403;2823;5445;2859
201712;11051229;11;05;12;29;2;3766;1902;1864;79;70;49;136;70;73;45;110;83;82;39;78;69;98;47;181;380;423;329;322;226;201;89;65;52;67;79;93;77;38;16;0;79;325;432;78;167;1908;355;291;131
201712;11051330;11;05;13;30;2;9513;4728;4785;141;144;132;235;96;82;97;181;126;117;63;171;235;552;369;664;1043;966;578;581;716;563;244;167;146;198;267;290;189;107;44;9;141;607;666;171;787;4917;974;901;349
201712;11051331;11;05;13;31;2;10788;5199;5589;148;129;126;240;147;112;105;222;196;217;84;255;274;311;160;463;891;833;721;757;885;767;360;248;215;256;407;622;363;181;72;21;148;642;936;255;585;4710;1375;1500;637
201712;11051332;11;05;13;32;2;6897;3365;3532;70;94;105;217;123;115;135;223;204;165;61;197;175;159;91;195;461;654;592;600;577;415;201;119;103;147;201;200;167;93;29;9;70;539;903;197;334;3170;735;651;298
201712;12103115;12;10;31;15;2;7638;3796;3842;95;79;57;145;64;57;62;116;101;112;36;170;227;451;256;430;669;520;432;508;611;556;281;156;152;230;275;364;244;139;40;3;95;345;484;170;678;3426;993;1021;426
201712;12103116;12;10;31;16;2;9603;4855;4748;111;109;120;220;105;93;94;175;185;171;88;261;324;564;319;588;838;682;635;631;783;650;296;173;168;205;294;318;220;120;44;19;111;554;806;261;888;4476;1119;985;403
201712;12103117;12;10;31;17;2;10864;5587;5277;121;132;128;206;118;119;103;199;189;196;88;267;314;667;442;728;1053;775;679;679;812;693;337;223;171;283;365;365;277;84;37;14;121;584;894;267;981;5168;1253;1184;412
201712;12103218;12;10;32;18;2;13694;6767;6927;136;157;128;280;124;130;121;201;225;219;109;298;479;818;520;787;1057;893;686;899;1061;965;457;229;252;392;569;651;462;229;120;40;136;689;1005;298;1297;5903;1651;1864;851
201712;12103219;12;10;32;19;2;8817;4237;4580;83;112;86;157;78;79;64;140;117;132;68;160;227;521;283;502;729;582;519;484;633;598;290;174;168;294;392;456;347;204;94;44;83;433;600;160;748;3732;1062;1310;689
201712;12103220;12;10;32;20;2;4638;2251;2387;52;36;39;66;31;30;30;58;57;37;18;92;117;203;134;206;372;301;258;315;426;358;194;112;118;140;220;286;215;67;44;6;52;172;230;92;320;2012;664;764;332
201712;12214125;12;21;41;25;2;7439;4086;3353;52;60;51;147;63;78;69;119;93;106;30;190;195;323;158;289;487;518;519;546;675;571;273;186;188;298;403;391;226;95;31;9;52;321;495;190;518;3192;1030;1280;361
201712;12214126;12;21;41;26;2;8026;3896;4130;72;112;72;136;83;51;63;124;141;162;63;197;233;372;218;395;577;509;466;558;593;588;268;179;206;264;437;450;239;137;55;6;72;403;604;197;605;3316;1035;1357;437
201712;12214421;12;21;44;21;2;2716;1339;1377;27;34;27;59;33;19;21;54;46;39;25;38;68;124;77;173;230;188;175;181;230;207;83;52;45;112;108;119;68;42;12;0;27;153;204;38;192;1254;342;384;122
201712;12214422;12;21;44;22;2;8238;4122;4116;90;100;107;228;80;97;93;187;181;214;75;256;256;519;272;439;662;565;497;495;605;499;235;137;134;233;314;384;179;76;19;10;90;515;847;256;775;3535;871;1065;284
201712;12214423;12;21;44;23;2;5657;2765;2892;58;55;52;77;40;57;31;63;86;69;37;118;141;254;172;275;417;294;280;345;431;438;203;124;131;234;356;395;283;102;27;12;58;224;343;118;395;2214;765;1116;424
201712;12214424;12;21;44;24;2;10828;5478;5350;121;119;137;241;114;102;120;202;201;193;87;254;335;631;366;638;945;751;654;695;834;751;357;248;228;321;380;422;263;85;30;3;121;611;905;254;966;4883;1356;1351;381
201712;12214527;12;21;45;27;2;10829;4981;5848;84;105;85;153;68;51;54;100;129;118;51;209;234;423;258;436;710;643;549;682;878;780;350;251;274;446;725;837;557;320;196;73;84;411;503;209;657;4156;1381;2282;1146
201712;12214528;12;21;45;28;2;263;141;122;3;3;0;0;0;3;3;3;0;0;3;26;43;25;18;15;25;18;15;9;12;12;3;3;0;6;9;3;3;0;0;0;3;3;12;26;68;112;18;18;3
201712;12224229;12;22;42;29;2;6040;2949;3091;39;42;37;97;66;39;60;97;114;105;48;211;184;145;60;111;198;271;286;428;588;512;281;142;183;331;469;471;270;112;34;9;39;242;463;211;329;1942;935;1454;425
201712;12224230;12;22;42;30;2;17951;8776;9175;118;160;143;304;184;145;175;310;300;336;154;563;514;445;216;403;686;841;909;1267;1750;1630;815;548;583;846;1180;1233;773;290;97;33;118;791;1420;563;959;6072;2993;3842;1193
201712;12231101;12;23;11;01;2;16603;7975;8628;82;147;141;274;150;139;156;292;293;292;153;464;502;491;221;309;625;763;881;1152;1525;1355;668;463;487;816;1259;1284;736;332;124;27;82;712;1325;464;993;5476;2486;3846;1219
201712;12231102;12;23;11;02;2;16874;8114;8760;110;117;141;287;179;142;154;363;356;344;186;557;525;441;205;271;512;726;867;1250;1550;1271;665;463;411;781;1256;1349;834;349;172;40;110;724;1545;557;966;5381;2399;3797;1395
201712;12301203;12;30;12;03;2;15054;7598;7456;131;175;143;286;105;112;121;243;202;224;109;371;412;706;430;605;954;841;732;924;1268;1062;530;348;367;507;873;1067;699;312;149;46;131;709;1011;371;1118;5754;1940;2814;1206
201712;12301204;12;30;12;04;2;6246;3007;3239;45;49;42;109;62;63;49;87;88;100;54;182;230;251;124;173;269;295;283;461;594;543;280;148;147;269;412;423;242;117;40;15;45;262;441;182;481;2199;971;1251;414
201712;12301205;12;30;12;05;2;4958;2392;2566;35;38;45;87;45;40;48;79;87;65;41;169;136;194;97;165;265;252;264;375;431;388;196;123;149;195;306;312;153;105;49;24;35;215;360;169;330;1849;707;962;331
201712;12301206;12;30;12;06;2;5135;2531;2604;24;46;45;69;44;58;45;128;115;94;45;161;149;161;54;105;235;258;285;403;474;446;240;151;144;218;334;347;175;53;22;7;24;204;485;161;310;1814;837;1043;257
201712;12302107;12;30;21;07;2;3063;1492;1571;32;25;24;40;24;25;24;49;40;63;28;87;119;145;89;108;118;140;150;198;265;258;117;64;97;129;207;215;130;40;13;0;32;113;229;87;264;1068;439;648;183
201712;12302108;12;30;21;08;2;14499;6876;7623;179;189;179;354;160;154;183;362;346;382;170;538;523;614;328;521;829;822;782;905;871;853;404;277;332;546;822;952;564;225;99;34;179;882;1597;538;1137;5058;1534;2652;922
201712;12302109;12;30;21;09;2;11653;5659;5994;133;173;171;348;187;174;170;346;315;290;154;423;373;538;300;498;782;771;680;691;683;639;321;220;221;389;519;543;369;151;60;21;133;879;1449;423;911;4405;1180;1672;601
201712;12302110;12;30;21;10;2;10539;5123;5416;102;131;170;309;174;140;164;356;308;293;149;454;432;468;275;436;705;683;619;645;663;595;306;199;170;280;436;451;290;97;36;3;102;784;1410;454;900;4026;1100;1337;426
201712;12302211;12;30;22;11;2;3315;1644;1671;12;16;18;39;19;21;18;28;33;37;27;72;104;121;65;112;162;139;152;206;324;295;133;96;95;159;245;300;175;68;15;9;12;92;164;72;225;1160;524;799;267
201712;12302212;12;30;22;12;2;5975;2978;2997;93;76;74;176;99;79;74;180;181;175;82;236;237;295;136;231;401;386;346;376;385;326;167;101;90;155;245;307;197;56;13;0;93;425;771;236;532;2261;594;797;266
201712;12304313;12;30;43;13;2;6711;3377;3334;74;69;61;89;51;49;54;89;98;88;51;120;165;321;212;370;503;412;358;459;651;509;270;155;149;217;319;382;229;93;38;6;74;270;429;120;486;2965;934;1067;366
201712;12304314;12;30;43;14;2;9731;4537;5194;74;75;84;140;63;58;75;130;109;120;70;201;258;370;214;369;570;524;469;685;907;732;360;267;265;415;654;708;438;216;92;19;74;362;562;201;628;3738;1359;2042;765
