ZEIT;RAUMID;BEZ;PGR;BZR;PLR;STADTRAUM;E_A;E_AM;E_AW;E_A00_01;E_A01_02;E_A02_03;E_A03_05;E_A05_06;E_A06_07;E_A07_08;E_A08_10;E_A10_12;E_A12_14;E_A14_15;E_A15_18;E_A18_21;E_A21_25;E_A25_27;E_A27_30;E_A30_35;E_A35_40;E_A40_45;E_A45_50;E_A50_55;E_A55_60;E_A60_63;E_A63_65;E_A65_67;E_A67_70;E_A70_75;E_A75_80;E_A80_85;E_A85_90;E_A90_95;E_A95_110;E_AU1;E_A1U6;E_A6U15;E_A15U18;E_A18U25;E_A25U55;E_A55U65;E_A65U80;E_A80U110
201612;1011101;1;1;11;1;1;1207;654;553;6;0;3;9;9;7;3;9;0;7;0;9;69;186;72;148;147;126;95;56;41;73;35;16;15;25;19;10;3;9;0;0;6;21;26;9;255;685;124;69;12
201612;1011102;1;1;11;2;1;52;33;19;0;0;0;0;0;0;0;0;0;0;0;0;3;6;6;3;3;7;8;7;9;0;0;0;0;0;0;0;0;0;0;0;0;0;0;0;9;43;0;0;0
201612;1011103;1;1;11;3;1;2148;1236;912;9;17;16;34;12;6;15;27;33;35;15;52;84;200;127;174;242;242;161;172;97;117;55;22;28;34;33;33;34;7;12;3;9;79;131;52;284;1215;194;128;56
201612;1011104;1;1;11;4;1;1800;982;818;9;6;10;16;4;10;7;11;13;6;7;65;84;272;134;203;232;168;124;92;98;90;18;21;16;19;17;23;12;10;3;0;9;36;54;65;356;1051;129;75;25
201612;1011105;1;1;11;5;1;458;239;219;3;0;7;9;7;6;13;3;0;10;3;3;3;15;22;22;47;58;46;50;37;33;19;3;3;13;11;6;3;3;0;0;3;23;35;3;18;282;55;33;6
201612;1011201;1;1;12;1;1;772;434;338;0;9;3;12;3;0;7;9;7;6;6;8;32;47;49;75;108;57;55;67;48;46;28;13;13;18;22;15;6;0;3;0;0;27;35;8;79;459;87;68;9
201612;1011202;1;1;12;2;1;221;119;102;3;0;3;0;0;0;4;6;7;0;0;6;0;9;9;12;46;29;27;17;19;6;9;3;0;0;3;0;3;0;0;0;3;3;17;6;9;159;18;3;3
201612;1011203;1;1;12;3;1;375;201;174;3;3;3;0;6;0;4;0;0;4;0;3;6;34;6;40;42;39;48;34;39;16;12;0;3;9;9;9;3;0;0;0;3;12;8;3;40;248;28;30;3
201612;1011204;1;1;12;4;1;2176;1093;1083;13;28;7;31;12;12;6;31;24;29;10;44;49;144;131;203;381;265;183;167;112;94;59;21;13;40;24;18;10;9;6;0;13;78;112;44;193;1442;174;95;25
201612;1011301;1;1;13;1;1;1815;966;849;24;4;18;24;10;12;9;15;9;3;10;9;18;115;143;214;384;247;166;140;84;52;21;28;15;14;18;6;3;0;0;0;24;56;58;9;133;1378;101;53;3
201612;1011302;1;1;13;2;1;3246;1656;1590;13;12;22;21;16;6;14;30;21;9;18;27;55;224;219;403;640;481;374;224;189;83;23;24;28;31;15;18;0;6;0;0;13;71;98;27;279;2530;130;92;6
201612;1011303;1;1;13;3;1;3079;1699;1380;22;12;12;22;15;10;6;9;27;26;9;160;88;289;235;455;554;327;263;187;122;103;23;20;21;17;18;18;9;0;0;0;22;61;87;160;377;2143;146;74;9
201612;1011304;1;1;13;4;1;1924;945;979;10;15;13;34;9;9;16;24;16;16;9;41;54;174;121;213;276;224;176;162;106;95;20;25;3;9;18;12;12;9;3;0;10;71;90;41;228;1278;140;42;24
201612;1011305;1;1;13;5;1;1739;987;752;12;12;6;19;12;9;9;10;15;20;11;19;30;106;110;168;297;221;189;171;118;64;24;6;11;15;43;12;0;0;0;0;12;49;74;19;136;1274;94;81;0
201612;1011306;1;1;13;6;1;2549;1361;1188;12;22;12;28;12;9;3;7;9;6;6;25;281;313;165;264;405;298;174;165;118;76;41;24;16;16;21;9;6;6;0;0;12;74;40;25;594;1589;141;62;12
201612;1011401;1;1;14;1;1;4544;2336;2208;43;28;27;85;20;24;29;56;46;52;19;77;112;306;263;537;925;650;500;309;166;104;49;17;12;18;36;12;12;10;0;0;43;160;226;77;418;3350;170;78;22
201612;1011402;1;1;14;2;1;3379;1647;1732;19;21;22;31;22;12;4;30;22;15;12;18;54;180;225;462;830;561;314;210;118;67;31;22;18;13;26;14;3;0;0;3;19;96;95;18;234;2720;120;71;6
201612;1022101;1;2;21;1;1;1256;705;551;13;6;15;28;12;10;15;14;18;9;6;23;46;118;78;115;135;138;95;102;88;56;23;19;18;16;16;18;3;3;0;0;13;61;72;23;164;751;98;68;6
201612;1022102;1;2;21;2;1;2553;1407;1146;12;21;6;27;18;12;15;21;38;12;9;54;79;206;129;220;329;268;248;214;153;136;67;35;39;70;73;27;12;0;3;0;12;72;107;54;285;1561;238;209;15
201612;1022103;1;2;21;3;1;132;63;69;0;0;0;0;0;3;3;3;0;3;4;4;6;6;0;9;32;12;16;12;6;3;4;0;0;3;0;0;0;3;0;0;0;0;16;4;12;87;7;3;3
201612;1022104;1;2;21;4;1;5678;3144;2534;25;16;18;53;22;22;17;46;42;37;25;79;194;418;345;544;772;551;549;439;418;311;137;101;76;130;146;87;40;18;0;0;25;109;189;79;612;3618;549;439;58
201612;1022105;1;2;21;5;1;1931;1029;902;15;12;7;17;19;11;9;27;25;22;9;32;77;159;112;164;254;184;148;168;125;101;47;13;25;28;39;43;33;3;3;0;15;55;103;32;236;1155;161;135;39
201612;1022106;1;2;21;6;1;2590;1416;1174;21;19;19;37;12;21;24;24;22;27;6;39;98;241;152;246;388;277;210;164;163;106;58;40;31;44;65;27;6;3;0;0;21;87;124;39;339;1600;204;167;9
201612;1022201;1;2;22;1;1;3591;2007;1584;21;22;22;42;20;21;25;49;30;33;15;50;180;360;233;388;480;370;295;236;217;142;54;44;48;60;55;43;30;6;0;0;21;106;173;50;540;2219;240;206;36
201612;1022202;1;2;22;2;1;482;243;239;0;0;0;6;3;0;0;0;0;6;4;6;17;34;32;30;61;49;41;42;40;30;9;7;3;18;16;15;13;0;0;0;0;9;10;6;51;295;46;52;13
201612;1022203;1;2;22;3;1;2322;1160;1162;13;21;18;39;12;9;10;40;14;26;13;41;86;144;103;165;264;226;230;174;158;104;69;37;36;58;98;65;31;9;3;6;13;90;112;41;230;1320;210;257;49
201612;1022204;1;2;22;4;1;1461;769;692;3;6;9;9;7;6;3;16;20;9;7;21;37;145;80;149;217;151;131;102;82;85;27;19;27;25;31;28;6;3;0;0;3;31;61;21;182;912;131;111;9
201612;1022205;1;2;22;5;1;1033;542;491;15;9;9;10;7;9;19;22;29;20;15;21;49;64;25;94;112;83;99;46;58;60;25;9;20;26;27;33;11;3;4;0;15;35;114;21;113;517;94;106;18
201612;1022206;1;2;22;6;1;648;322;326;3;10;6;6;3;6;0;4;6;4;0;6;6;58;41;42;96;85;60;50;44;33;27;3;9;13;15;6;3;0;3;0;3;25;20;6;64;418;63;43;6
201612;1022207;1;2;22;7;1;1745;933;812;3;3;3;17;3;6;3;3;6;10;3;14;62;368;178;196;228;146;86;107;74;65;33;19;18;21;33;19;18;0;0;0;3;26;31;14;430;1015;117;91;18
201612;1033101;1;3;31;1;1;10951;5939;5012;95;111;99;172;96;91;74;188;169;145;70;308;488;794;565;894;1362;1105;1005;856;714;468;196;115;108;140;242;182;96;0;3;0;95;478;737;308;1282;6501;779;672;99
201612;1033102;1;3;31;2;1;4509;2406;2103;31;25;38;63;35;31;39;65;52;53;33;94;190;337;227;358;501;487;412;411;313;187;95;44;64;82;126;69;22;22;3;0;31;161;273;94;527;2709;326;341;47
201612;1033201;1;3;32;1;1;4184;2182;2002;24;17;19;42;25;23;26;49;37;36;22;66;143;270;173;304;529;493;463;369;326;189;99;64;56;75;105;85;43;12;0;0;24;103;193;66;413;2657;352;321;55
201612;1033202;1;3;32;2;1;2555;1288;1267;15;15;6;24;9;12;10;39;21;15;16;45;62;173;127;200;292;299;252;200;213;110;52;43;64;60;62;88;19;6;6;0;15;54;113;45;235;1583;205;274;31
201612;1033203;1;3;32;3;1;5643;3089;2554;36;26;48;83;48;32;39;61;78;83;31;134;187;505;281;461;700;630;502;468;369;249;106;39;63;97;132;86;46;23;0;0;36;205;324;134;692;3411;394;378;69
201612;1044101;1;4;41;1;1;6290;3432;2858;23;49;45;84;41;46;37;62;68;65;34;98;184;474;318;545;775;672;643;491;469;342;179;85;75;125;136;79;33;13;0;0;23;219;312;98;658;3913;606;415;46
201612;1044102;1;4;41;2;1;3673;1970;1703;18;31;15;54;22;24;25;43;28;32;13;62;85;264;230;316;449;412;321;286;262;210;86;40;55;89;107;59;31;4;0;0;18;122;165;62;349;2276;336;310;35
201612;1044103;1;4;41;3;1;3091;1652;1439;19;12;34;39;24;19;22;41;36;52;32;127;102;253;195;296;372;320;285;214;198;121;46;34;42;60;46;44;3;3;0;0;19;109;202;127;355;1880;201;192;6
201612;1044201;1;4;42;1;1;10049;5454;4595;57;75;57;128;94;67;62;130;121;108;41;246;363;755;529;789;1244;985;979;906;753;453;193;108;112;149;263;179;79;18;6;0;57;354;529;246;1118;6185;754;703;103
201612;1044202;1;4;42;2;1;6645;3694;2951;33;55;33;77;25;27;48;66;39;52;37;112;249;728;526;727;1002;712;493;478;372;232;147;56;54;84;72;68;28;9;4;0;33;190;269;112;977;4310;435;278;41
201612;1044203;1;4;42;3;1;6435;3569;2866;45;48;41;82;37;49;36;84;80;55;29;103;199;439;314;578;846;650;603;474;460;310;167;90;73;160;189;125;50;16;0;3;45;208;333;103;638;3925;567;547;69
201612;2010101;2;1;1;1;1;2846;1534;1312;27;29;27;46;15;21;32;34;26;24;13;57;104;323;204;312;352;224;251;211;164;96;57;26;15;44;37;45;12;9;0;9;27;117;150;57;427;1718;179;141;30
201612;2010102;2;1;1;2;1;4253;2160;2093;15;19;9;38;14;25;6;40;38;30;16;53;117;264;190;342;513;461;421;410;371;228;88;55;56;77;133;126;52;31;15;0;15;80;155;53;381;2708;371;392;98
201612;2010103;2;1;1;3;1;5584;3024;2560;25;33;31;42;13;28;32;38;30;25;22;98;192;363;228;415;668;639;581;519;455;253;131;79;72;117;201;127;84;31;9;3;25;119;175;98;555;3505;463;517;127
201612;2010104;2;1;1;4;1;1634;840;794;3;9;3;3;12;6;3;6;6;15;0;29;51;71;55;144;207;184;159;180;145;100;61;15;18;32;53;34;24;6;0;0;3;27;36;29;122;1074;176;137;30
201612;2020201;2;2;2;1;1;269;130;139;3;3;6;6;6;9;7;3;4;0;0;0;6;10;3;21;62;32;37;18;9;9;0;0;4;7;4;0;0;0;0;0;3;21;23;0;16;182;9;15;0
201612;2020202;2;2;2;2;1;1673;927;746;9;6;12;19;12;12;3;18;15;13;9;69;63;118;109;164;219;155;140;122;97;82;36;21;23;37;43;30;7;7;3;0;9;49;70;69;181;1006;139;133;17
201612;2020203;2;2;2;3;1;2543;1352;1191;13;21;18;25;6;10;12;13;10;4;9;30;55;169;139;279;368;344;234;201;164;138;65;33;33;43;43;41;17;6;0;0;13;70;58;30;224;1729;236;160;23
201612;2020204;2;2;2;4;1;3174;1688;1486;18;10;12;29;10;3;6;21;13;3;13;51;95;220;190;374;499;383;322;217;184;149;55;50;45;50;73;45;18;7;6;3;18;61;59;51;315;2169;254;213;34
201612;2020205;2;2;2;5;1;3621;1853;1768;3;12;13;14;0;6;6;28;17;22;4;42;179;283;184;337;492;395;343;282;291;158;91;67;48;66;123;69;37;3;3;3;3;39;83;42;462;2324;316;306;46
201612;2020206;2;2;2;6;1;5223;2674;2549;12;19;19;34;12;19;15;22;25;32;3;52;98;321;274;528;863;708;554;414;344;233;113;52;55;92;138;108;46;12;3;3;12;84;116;52;419;3685;398;393;64
201612;2030301;2;3;3;1;1;3468;1768;1700;3;6;9;14;4;9;3;21;15;18;9;49;82;153;126;262;460;349;351;285;317;173;99;54;68;117;193;135;50;24;4;6;3;33;75;49;235;2150;326;513;84
201612;2030302;2;3;3;2;1;4321;2316;2005;23;9;9;12;9;3;12;15;12;6;0;42;109;263;220;360;594;572;431;361;323;205;127;53;76;85;169;131;59;16;9;6;23;39;48;42;372;2861;385;461;90
201612;2030401;2;3;4;1;1;4751;2478;2273;15;16;25;26;17;17;10;26;18;29;13;28;96;340;261;465;763;660;477;361;312;200;81;44;47;112;126;93;46;21;0;6;15;84;113;28;436;3299;325;378;73
201612;2030402;2;3;4;2;1;3547;1859;1688;15;9;6;6;3;3;0;10;16;6;0;48;66;219;189;329;582;436;350;268;272;144;91;37;55;91;151;87;45;6;4;3;15;24;35;48;285;2426;272;384;58
201612;2040501;2;4;5;1;1;734;349;385;0;7;7;13;6;7;6;3;18;6;3;19;28;52;34;52;90;92;74;83;52;37;15;12;0;3;6;6;0;0;3;0;0;33;43;19;80;477;64;15;3
201612;2040502;2;4;5;2;1;1159;553;606;6;0;10;16;12;9;6;6;6;12;7;21;16;98;69;137;248;126;114;70;67;39;19;13;3;14;9;6;0;0;0;0;6;38;46;21;114;831;71;32;0
201612;2040503;2;4;5;3;1;1753;881;872;12;18;3;25;6;9;6;22;9;7;6;24;37;158;129;235;380;230;138;83;93;59;24;7;6;9;6;6;0;0;6;0;12;52;59;24;195;1288;90;27;6
201612;2040701;2;4;7;1;1;2838;1465;1373;18;20;24;33;13;20;19;13;22;22;13;33;100;409;282;372;446;287;178;182;112;87;43;20;9;12;15;24;10;0;0;0;18;90;109;33;509;1859;150;60;10
201612;2040702;2;4;7;2;1;1654;886;768;13;3;9;12;3;6;0;11;16;6;3;13;28;127;165;224;376;234;157;95;55;55;16;3;6;6;6;6;0;0;0;0;13;27;42;13;155;1306;74;24;0
201612;2040703;2;4;7;3;1;660;393;267;7;19;9;23;12;3;9;20;7;17;3;25;36;73;52;84;105;60;35;13;13;10;12;6;7;0;0;0;0;0;0;0;7;63;59;25;109;362;28;7;0
201612;2050601;2;5;6;1;1;1732;913;819;9;9;3;9;9;12;9;6;9;9;0;15;39;133;155;287;396;246;112;84;71;56;25;10;0;9;3;7;0;0;0;0;9;30;45;15;172;1351;91;19;0
201612;2050602;2;5;6;2;1;3964;2058;1906;28;27;29;41;6;13;0;18;15;9;16;20;75;336;325;599;952;588;345;200;146;54;25;19;19;9;29;9;3;6;0;3;28;103;71;20;411;3155;98;66;12
201612;2050801;2;5;8;1;1;4260;2277;1983;31;18;26;50;19;15;27;34;16;38;15;44;112;420;337;650;861;648;305;243;145;109;49;15;9;6;9;3;6;0;0;0;31;113;145;44;532;3189;173;27;6
201612;2050802;2;5;8;2;1;4335;2335;2000;25;17;19;25;12;13;11;21;15;18;3;6;86;393;386;757;1033;643;353;186;111;82;26;15;25;21;12;12;9;0;0;0;25;73;81;6;479;3469;123;70;9
201612;2050803;2;5;8;3;1;1415;792;623;13;12;7;15;0;3;0;7;3;6;0;9;15;128;121;226;326;201;135;85;39;33;4;9;6;0;9;0;3;0;0;0;13;34;19;9;143;1133;46;15;3
201612;2050804;2;5;8;4;1;521;321;200;7;3;3;6;4;3;0;6;6;3;0;6;16;53;49;61;99;61;34;35;23;12;6;7;3;0;6;6;3;0;0;0;7;16;18;6;69;362;25;15;3
201612;3010101;3;1;1;1;2;308;180;128;12;0;3;3;3;0;0;6;4;0;0;5;19;10;15;27;71;42;32;21;23;9;0;3;0;0;0;0;0;0;0;0;12;9;10;5;29;231;12;0;0
201612;3010102;3;1;1;2;2;1103;627;476;15;21;15;43;9;29;12;34;28;34;18;27;26;108;60;93;152;106;116;57;36;27;9;3;9;6;3;7;0;0;0;0;15;88;155;27;134;620;39;25;0
201612;3010104;3;1;1;4;2;30;21;9;0;0;0;0;0;0;0;0;0;0;0;0;0;0;0;0;6;6;0;9;6;3;0;0;0;0;0;0;0;0;0;0;0;0;0;0;0;27;3;0;0
201612;3020203;3;2;2;3;2;33;19;14;0;0;0;0;0;0;0;0;0;0;0;0;0;0;0;4;7;3;6;0;7;0;0;0;0;3;3;0;0;0;0;0;0;0;0;0;0;27;0;6;0
201612;3020209;3;2;2;9;2;1269;620;649;3;12;12;20;12;10;6;12;12;17;0;30;153;174;68;112;130;110;111;80;85;35;25;12;6;7;9;0;6;0;0;0;3;56;57;30;327;696;72;22;6
201612;3020210;3;2;2;10;2;801;458;343;12;3;6;25;12;9;12;25;6;9;0;19;37;45;35;72;128;105;72;61;40;31;9;3;6;3;3;7;0;3;0;3;12;46;61;19;82;513;43;19;6
201612;3020307;3;2;3;7;2;736;364;372;3;10;0;15;0;7;6;12;9;12;4;16;39;31;26;47;79;108;102;71;41;36;13;4;9;3;18;6;9;0;0;0;3;25;50;16;70;474;53;36;9
201612;3030405;3;3;4;5;2;627;323;304;15;12;15;25;9;6;9;22;15;3;3;19;22;34;21;42;97;89;54;52;38;10;3;0;3;3;6;0;0;0;0;0;15;61;58;19;56;393;13;12;0
201612;3030406;3;3;4;6;2;275;126;149;3;0;3;3;0;3;5;7;4;3;0;0;15;21;18;19;30;34;21;25;21;10;18;0;0;6;3;0;3;0;0;0;3;6;22;0;36;168;28;9;3
201612;3030711;3;3;7;11;2;159;68;91;0;3;3;3;3;0;0;7;4;0;0;13;3;13;9;6;10;23;19;15;3;9;3;3;0;3;4;0;0;0;0;0;0;12;11;13;16;85;15;7;0
201612;3030715;3;3;7;15;2;852;554;298;11;9;8;34;0;14;18;26;24;17;6;27;63;97;45;74;90;93;68;47;28;22;12;6;7;0;0;3;3;0;0;0;11;51;105;27;160;445;40;10;3
201612;3030716;3;3;7;16;2;20;9;11;0;0;0;0;0;0;0;0;0;0;0;0;0;0;0;3;3;0;0;6;4;4;0;0;0;0;0;0;0;0;0;0;0;0;0;0;0;16;4;0;0
201612;3040508;3;4;5;8;2;243;109;134;0;0;0;0;3;0;3;0;3;0;0;3;12;12;19;0;25;28;27;33;19;16;6;10;0;6;15;3;0;0;0;0;0;3;6;3;24;151;32;24;0
201612;3040512;3;4;5;12;2;559;299;260;0;12;3;10;6;0;3;0;6;3;0;6;30;56;24;79;48;76;61;37;29;18;9;6;4;4;16;10;3;0;0;0;0;31;12;6;86;354;33;34;3
201612;3040513;3;4;5;13;2;214;116;98;7;4;0;6;0;0;0;0;3;0;7;6;6;10;6;19;31;22;30;9;15;12;6;3;3;3;3;0;0;0;3;0;7;10;10;6;16;132;21;9;3
201612;3040614;3;4;6;14;2;2449;1206;1243;21;24;33;36;16;26;3;33;23;23;9;23;65;187;113;224;402;349;303;189;130;75;35;26;12;22;32;9;3;0;3;0;21;109;117;23;252;1710;136;75;6
201612;3040818;3;4;8;18;2;3186;1610;1576;28;33;22;50;34;19;12;42;21;18;16;62;79;256;216;380;578;448;252;211;145;97;48;21;20;22;22;18;6;10;0;0;28;139;128;62;335;2230;166;82;16
201612;3050919;3;5;9;19;2;870;516;354;29;18;23;34;14;9;15;18;12;15;3;26;58;98;83;62;122;59;80;30;24;7;13;9;0;0;9;0;0;0;0;0;29;89;72;26;156;460;29;9;0
201612;3050920;3;5;9;20;2;573;301;272;6;6;10;12;3;3;3;15;6;6;3;27;6;41;43;66;51;86;52;60;21;19;3;9;4;3;3;3;0;0;0;3;6;31;36;27;47;379;31;13;3
201612;3050923;3;5;9;23;2;1064;569;495;7;9;6;16;3;10;6;9;3;9;0;12;33;62;93;129;213;130;122;77;60;42;3;0;0;7;3;0;0;0;0;0;7;34;37;12;95;824;45;10;0
201612;3050924;3;5;9;24;2;899;507;392;7;19;3;17;12;13;6;17;15;9;10;13;34;76;32;110;153;120;76;57;39;14;12;3;3;9;9;0;7;4;0;0;7;51;70;13;110;587;29;21;11
201612;3050925;3;5;9;25;2;923;479;444;6;3;12;19;3;10;3;10;10;16;19;48;18;69;61;78;158;124;58;70;40;43;15;5;0;12;7;6;0;0;0;0;6;37;68;48;87;589;63;25;0
201612;3051017;3;5;10;17;2;538;358;180;0;0;3;3;6;3;0;3;0;3;0;9;31;92;55;70;83;58;33;28;31;3;3;3;9;3;6;0;0;0;0;0;0;12;9;9;123;358;9;18;0
201612;3051021;3;5;10;21;2;476;238;238;12;9;12;20;6;3;3;12;0;12;6;16;27;34;15;33;56;53;40;45;25;13;12;12;0;0;0;0;0;0;0;0;12;47;36;16;61;267;37;0;0
201612;3051022;3;5;10;22;2;144;82;62;0;0;0;6;0;6;3;0;3;6;4;3;0;3;6;15;27;21;16;13;3;6;0;3;0;0;0;0;0;0;0;0;0;6;22;3;3;101;9;0;0
201612;3061126;3;6;11;26;1;2701;1487;1214;12;21;13;21;0;9;0;24;16;9;6;25;92;251;223;390;576;404;249;159;87;46;19;7;9;15;12;6;0;0;0;0;12;55;64;25;343;2088;72;42;0
201612;3061131;3;6;11;31;1;2339;1212;1127;21;9;14;23;19;15;9;9;9;13;6;16;32;217;171;293;520;338;191;153;118;59;32;3;14;20;9;3;0;0;3;0;21;65;61;16;249;1784;94;46;3
201612;3061227;3;6;12;27;1;2284;1148;1136;12;4;6;20;18;6;12;10;15;7;0;6;47;172;167;335;510;370;228;120;98;51;21;3;6;9;7;10;6;3;5;0;12;48;50;6;219;1828;75;32;14
201612;3061228;3;6;12;28;1;1723;885;838;13;19;12;7;3;6;4;3;24;9;13;33;39;108;116;283;375;223;137;106;87;37;20;13;3;9;6;6;9;0;0;0;13;41;59;33;147;1327;70;24;9
201612;3061332;3;6;13;32;1;4332;2223;2109;22;27;29;46;17;21;18;27;26;16;6;32;44;270;275;572;938;704;510;314;184;99;37;21;13;25;23;3;10;3;0;0;22;119;114;32;314;3497;157;64;13
201612;3061429;3;6;14;29;1;817;393;424;10;12;6;15;12;7;0;7;15;6;4;12;46;74;57;75;116;67;74;80;53;26;16;0;9;9;0;3;6;0;0;0;10;45;39;12;120;522;42;21;6
201612;3061430;3;6;14;30;1;1246;750;496;28;25;16;44;21;11;24;35;44;32;17;52;97;123;80;109;144;115;56;64;37;31;22;3;0;3;6;4;3;0;0;0;28;106;163;52;220;605;56;13;3
201612;3061434;3;6;14;34;1;950;480;470;4;9;6;6;6;6;3;10;0;6;3;18;13;68;89;132;227;133;62;41;25;22;13;17;3;3;18;3;4;0;0;0;4;27;28;18;81;709;52;27;4
201612;3061435;3;6;14;35;1;666;330;336;3;6;9;9;3;0;6;6;3;6;6;9;18;31;54;67;147;98;57;37;37;22;8;3;6;0;6;6;3;0;0;0;3;27;27;9;49;497;33;18;3
201612;3061441;3;6;14;41;1;343;168;175;3;0;3;13;3;3;6;10;0;3;6;9;12;19;15;36;42;50;47;34;13;6;3;0;0;0;7;0;0;0;0;0;3;19;28;9;31;237;9;7;0
201612;3071536;3;7;15;36;1;2476;1254;1222;15;10;12;25;23;9;13;3;21;18;3;9;70;207;160;291;480;370;294;184;128;50;19;15;9;11;20;4;0;3;0;0;15;70;67;9;277;1907;84;44;3
201612;3071537;3;7;15;37;1;3641;1851;1790;45;35;29;89;30;28;27;46;32;21;15;52;52;178;209;377;771;552;381;289;130;109;35;18;25;14;34;15;3;0;0;0;45;183;169;52;230;2709;162;88;3
201612;3071633;3;7;16;33;1;427;220;207;3;6;3;10;3;3;6;6;0;3;3;3;15;33;21;62;62;63;47;18;23;13;3;6;0;6;6;0;0;0;0;0;3;22;21;3;48;296;22;12;0
201612;3071638;3;7;16;38;1;3429;1746;1683;20;20;32;41;24;13;6;19;9;33;10;15;55;254;251;418;671;555;382;249;132;104;33;23;12;12;15;18;3;0;0;0;20;117;90;15;309;2658;160;57;3
201612;3071639;3;7;16;39;1;1958;988;970;12;15;12;19;16;6;9;10;12;14;0;31;34;132;110;247;369;276;212;139;118;76;33;3;9;13;15;7;9;0;0;0;12;62;51;31;166;1471;112;44;9
201612;4010101;4;1;1;1;2;3118;1634;1484;35;42;39;61;28;36;34;62;41;43;17;68;108;274;143;214;345;325;267;263;163;146;73;47;45;72;59;29;12;12;12;3;35;170;233;68;382;1720;266;205;39
201612;4010102;4;1;1;2;2;326;248;78;0;8;3;9;3;7;3;6;6;3;0;6;13;40;15;23;61;26;18;19;15;13;14;6;3;0;0;6;0;0;0;0;0;23;25;6;53;177;33;9;0
201612;4010103;4;1;1;3;2;1948;923;1025;16;13;21;18;15;19;6;36;26;28;3;52;65;112;68;134;175;210;228;179;138;104;45;24;35;44;52;45;16;12;3;6;16;67;118;52;177;1132;173;176;37
201612;4020204;4;2;2;4;2;42;29;13;0;0;0;0;0;0;4;0;0;4;0;12;0;7;0;0;0;0;3;0;0;0;0;3;0;0;0;6;0;3;0;0;0;0;8;12;7;3;3;6;3
201612;4020205;4;2;2;5;2;200;113;87;0;0;0;0;0;0;0;0;0;7;0;3;9;29;9;13;24;25;18;10;19;9;10;0;3;3;6;0;0;3;0;0;0;0;7;3;38;118;19;12;3
201612;4020206;4;2;2;6;2;366;202;164;0;3;0;6;3;3;3;7;0;0;6;31;16;15;9;16;42;19;43;30;28;16;6;7;9;13;7;6;10;6;6;0;0;12;19;31;31;187;29;35;22
201612;4020207;4;2;2;7;2;404;188;216;6;0;0;0;0;0;0;9;0;3;3;9;13;45;15;37;33;40;45;37;19;24;15;6;3;7;12;13;7;3;0;0;6;0;15;9;58;226;45;35;10
201612;4020208;4;2;2;8;2;388;184;204;0;6;0;3;3;3;0;10;7;8;0;9;12;10;10;13;35;34;40;34;46;33;10;6;10;9;19;6;6;0;3;3;0;12;28;9;22;212;49;44;12
201612;4020209;4;2;2;9;2;888;435;453;3;0;3;0;3;0;3;4;3;3;3;0;62;203;101;102;126;86;47;30;27;34;17;7;3;6;12;0;0;0;0;0;3;6;16;0;265;519;58;21;0
201612;4020310;4;2;3;10;2;258;142;116;4;0;8;4;0;0;3;4;0;0;0;0;4;48;35;55;25;23;22;7;0;3;6;3;0;4;0;0;0;0;0;0;4;12;7;0;52;167;12;4;0
201612;4020311;4;2;3;11;2;2766;1533;1233;12;10;19;36;15;15;19;40;21;25;15;37;129;227;144;245;291;256;233;225;187;133;82;44;44;74;80;40;23;27;6;12;12;80;135;37;356;1581;259;238;68
201612;4020312;4;2;3;12;2;1074;595;479;12;7;13;29;10;10;6;21;24;9;7;23;42;110;43;85;111;99;104;73;50;52;25;21;10;12;22;23;9;9;0;3;12;59;77;23;152;565;98;67;21
201612;4020313;4;2;3;13;2;1908;1018;890;23;21;15;43;14;13;13;30;33;28;15;22;57;174;109;140;236;214;131;138;113;85;31;32;19;36;46;33;22;4;15;3;23;93;132;22;231;1081;148;134;44
201612;4020314;4;2;3;14;2;433;346;87;0;6;3;16;7;3;3;0;9;12;3;10;84;75;51;24;43;33;20;12;6;4;3;0;3;0;3;0;0;0;0;0;0;32;30;10;159;189;7;6;0
201612;4030415;4;3;4;15;1;1075;602;473;6;9;0;15;4;0;3;7;6;6;3;15;28;102;77;116;130;119;98;87;44;61;27;13;21;24;18;27;3;6;0;0;6;28;25;15;130;671;101;90;9
201612;4030416;4;3;4;16;1;2975;1499;1476;15;10;12;41;15;9;10;12;28;24;6;42;76;168;128;229;334;292;259;284;215;177;93;57;60;92;125;95;38;23;0;6;15;78;89;42;244;1741;327;372;67
201612;4030417;4;3;4;17;1;2453;1264;1189;15;9;19;26;7;16;15;32;7;12;10;28;74;162;100;173;263;260;263;226;187;122;73;46;43;80;76;58;27;18;0;6;15;61;92;28;236;1472;241;257;51
201612;4030518;4;3;5;18;1;2395;1232;1163;9;7;3;27;9;6;12;16;13;19;3;16;54;146;114;176;267;243;237;210;224;160;79;34;36;66;74;57;41;12;12;13;9;46;69;16;200;1471;273;233;78
201612;4030519;4;3;5;19;1;1454;796;658;12;9;10;26;3;6;3;6;25;12;6;23;19;106;67;124;172;159;149;126;90;72;40;42;34;33;26;33;15;3;3;0;12;48;58;23;125;887;154;126;21
201612;4030620;4;3;6;20;1;2160;1122;1038;9;12;9;16;12;15;7;22;22;7;6;32;47;117;94;152;289;218;227;203;169;117;70;34;44;51;51;55;28;12;6;7;9;49;79;32;164;1352;221;201;53
201612;4030621;4;3;6;21;1;994;537;457;3;9;3;3;0;0;3;6;6;3;0;10;33;79;44;92;134;102;101;104;81;54;28;10;8;22;19;9;9;10;0;9;3;15;18;10;112;658;92;58;28
201612;4030622;4;3;6;22;1;2824;1453;1371;3;7;12;24;9;9;12;22;15;26;7;35;65;164;127;199;338;296;263;245;231;185;97;61;65;104;90;43;31;15;21;3;3;52;91;35;229;1699;343;302;70
201612;4030623;4;3;6;23;1;1518;719;799;9;0;13;13;3;6;9;16;9;9;6;13;21;91;59;107;208;178;148;106;110;78;53;34;38;46;54;31;25;15;3;7;9;29;55;13;112;916;165;169;50
201612;4030724;4;3;7;24;1;1354;630;724;10;3;7;7;3;3;6;6;6;6;6;13;46;54;53;77;145;147;131;98;112;79;40;33;21;58;52;53;42;24;6;7;10;20;33;13;100;763;152;184;79
201612;4030725;4;3;7;25;1;3107;1616;1491;18;12;18;40;18;27;16;21;23;36;9;53;76;222;131;235;386;344;275;239;237;218;103;43;44;55;94;45;39;19;4;7;18;88;132;53;298;1847;364;238;69
201612;4030726;4;3;7;26;1;1388;713;675;3;16;6;6;9;4;6;18;19;9;12;28;33;53;38;81;149;152;131;147;98;96;56;35;39;39;45;20;14;9;14;3;3;37;68;28;86;796;187;143;40
201612;4030827;4;3;8;27;1;4174;2221;1953;18;26;17;37;16;25;25;35;29;37;12;58;88;288;156;298;479;443;402;396;308;284;136;75;88;96;126;67;65;18;22;4;18;96;163;58;376;2482;495;377;109
201612;4030828;4;3;8;28;1;2648;1326;1322;12;0;9;6;6;6;3;27;28;15;7;16;64;140;102;213;301;267;234;245;207;189;95;90;57;85;76;67;37;28;6;10;12;21;86;16;204;1569;374;285;81
201612;4030929;4;3;9;29;1;1592;813;779;15;10;4;14;15;3;9;6;7;10;6;8;16;85;55;127;177;168;128;120;142;124;65;46;20;55;65;41;21;9;12;9;15;43;41;8;101;917;235;181;51
201612;4030930;4;3;9;30;1;1599;888;711;6;12;6;12;10;3;3;12;9;19;6;24;53;55;48;106;150;127;126;128;148;123;74;34;46;54;86;46;26;24;16;7;6;40;52;24;108;833;231;232;73
201612;4030931;4;3;9;31;1;1635;858;777;17;16;16;52;17;17;18;37;34;26;9;27;56;87;72;83;163;136;136;126;123;91;46;29;32;44;45;22;25;21;9;3;17;101;141;27;143;839;166;143;58
201612;4031032;4;3;10;32;1;3457;1691;1766;13;7;14;29;6;22;7;31;38;33;3;35;72;183;139;225;416;358;345;306;291;257;103;74;77;86;117;85;27;18;23;17;13;56;134;35;255;2080;434;365;85
201612;4041133;4;4;11;33;2;9;3;6;0;0;0;0;0;0;0;0;0;0;0;0;0;0;0;6;3;0;0;0;0;0;0;0;0;0;0;0;0;0;0;0;0;0;0;0;0;9;0;0;0
201612;4041134;4;4;11;34;2;1116;528;588;12;0;6;7;9;13;3;15;13;6;6;16;24;86;37;77;116;104;94;109;88;84;21;19;24;35;40;18;13;6;12;3;12;22;56;16;110;625;124;117;34
201612;4041135;4;4;11;35;2;491;242;249;0;6;3;0;3;3;0;9;4;0;4;16;21;12;9;12;40;42;30;46;61;30;25;15;16;32;7;9;24;9;3;0;0;12;20;16;33;240;70;64;36
201612;4041136;4;4;11;36;2;563;262;301;3;0;0;12;0;0;6;3;6;9;3;7;12;15;28;26;54;49;68;43;59;38;27;29;6;19;25;10;0;0;6;0;3;12;27;7;27;327;94;60;6
201612;4041137;4;4;11;37;2;1499;742;757;0;9;4;12;9;4;7;23;12;14;0;19;30;78;54;66;167;195;155;172;109;76;59;43;30;33;40;42;12;12;9;4;0;34;60;19;108;918;178;145;37
201612;4041238;4;4;12;38;2;902;440;462;7;9;0;10;9;3;3;20;15;6;9;22;17;46;26;54;80;76;107;96;71;45;32;30;26;27;27;14;12;0;3;0;7;28;56;22;63;510;107;94;15
201612;4041239;4;4;12;39;2;107;61;46;0;5;0;3;0;0;0;0;3;3;0;0;3;14;6;9;20;10;10;3;0;15;3;0;0;0;0;0;0;0;0;0;0;8;6;0;17;58;18;0;0
201612;4041240;4;4;12;40;2;203;90;113;0;0;0;0;0;0;0;0;9;0;0;11;13;9;6;3;15;30;18;15;28;0;9;3;9;6;3;0;6;4;6;0;0;0;9;11;22;115;12;18;16
201612;4041241;4;4;12;41;2;878;446;432;0;3;3;10;3;4;7;13;3;10;0;19;19;52;41;51;81;107;84;75;63;62;25;18;12;26;33;21;23;6;4;0;0;19;37;19;71;502;105;92;33
201612;4041342;4;4;13;42;2;701;342;359;12;3;3;6;0;0;7;3;12;6;3;12;9;28;21;33;69;60;56;80;56;63;33;12;30;10;20;37;10;3;0;4;12;12;31;12;37;375;108;97;17
201612;4041343;4;4;13;43;2;552;284;268;3;0;0;6;3;3;3;4;0;13;10;12;9;40;22;27;55;48;58;35;47;37;31;9;13;12;13;17;6;6;10;0;3;9;33;12;49;292;77;55;22
201612;4041344;4;4;13;44;2;1643;813;830;10;12;12;6;6;12;18;13;16;12;6;28;35;43;52;82;164;168;203;147;153;101;37;44;41;66;55;31;35;25;7;3;10;36;77;28;78;969;182;193;70
201612;4051445;4;5;14;45;1;1423;685;738;3;6;9;19;10;10;9;9;19;12;6;15;15;72;64;101;137;147;144;101;98;108;48;29;39;52;66;37;19;16;0;3;3;44;65;15;87;792;185;194;38
201612;4051446;4;5;14;46;1;2543;1291;1252;11;7;6;30;6;21;21;24;13;26;6;26;35;129;95;150;268;265;247;210;221;202;77;85;55;74;81;63;43;9;19;18;11;49;111;26;164;1456;364;273;89
201612;4051447;4;5;14;47;1;1250;619;631;6;0;6;6;0;3;6;14;9;16;10;21;25;66;49;77;122;120;103;135;99;98;52;24;36;39;51;25;9;9;3;11;6;12;58;21;91;705;174;151;32
201612;4051448;4;5;14;48;1;2555;1309;1246;6;7;15;24;16;6;15;22;15;15;3;35;52;153;100;168;270;260;234;221;235;142;98;50;57;81;98;59;39;18;23;18;6;62;76;35;205;1488;290;295;98
201612;4051549;4;5;15;49;1;2012;1183;829;31;31;27;66;37;19;30;68;61;47;18;67;111;200;111;163;203;167;148;95;94;69;26;26;23;25;18;15;3;7;6;0;31;161;243;67;311;981;121;81;16
201612;4051550;4;5;15;50;1;1215;608;607;3;9;0;6;7;15;3;14;15;6;3;6;27;93;58;81;126;119;119;105;97;71;45;29;39;24;35;26;15;10;3;6;3;22;56;6;120;705;145;124;34
201612;4051551;4;5;15;51;1;1012;527;485;3;6;7;22;6;0;0;6;10;3;3;16;35;60;43;76;116;103;92;96;71;76;33;22;9;30;31;16;12;6;3;0;3;41;22;16;95;597;131;86;21
201612;4051652;4;5;16;52;1;2259;1165;1094;3;21;9;18;7;0;9;30;12;15;11;49;77;156;92;127;216;247;189;178;165;171;83;45;44;68;79;65;28;24;18;3;3;55;77;49;233;1214;299;256;73
201612;4051653;4;5;16;53;1;1543;777;766;3;6;6;18;3;4;6;14;12;10;10;26;38;108;43;108;156;144;160;133;128;97;41;41;45;40;70;42;19;12;0;0;3;33;56;26;146;872;179;197;31
201612;4051654;4;5;16;54;1;660;342;318;6;0;3;3;3;9;4;6;3;0;0;3;30;37;42;59;80;51;52;66;36;36;33;6;19;21;25;18;6;3;0;0;6;9;22;3;67;386;75;83;9
201612;4051655;4;5;16;55;1;1808;929;879;6;9;12;19;12;3;12;27;21;21;7;61;65;104;60;88;193;203;198;151;141;115;63;41;18;31;35;41;24;9;9;9;6;52;91;61;169;1034;219;125;51
201612;4051656;4;5;16;56;1;1358;706;652;6;6;3;3;10;14;3;9;6;18;6;12;29;80;67;110;171;142;149;130;96;81;33;23;19;52;28;16;18;12;3;3;6;22;56;12;109;865;137;115;36
201612;4061757;4;6;17;57;2;18;18;0;0;0;0;0;0;0;0;0;0;0;0;12;6;0;0;0;0;0;0;0;0;0;0;0;0;0;0;0;0;0;0;0;0;0;0;12;6;0;0;0;0
201612;5010101;5;1;1;1;2;1904;1104;800;6;28;26;41;29;16;21;33;32;35;16;61;152;176;74;122;226;181;167;121;97;63;34;21;22;38;24;23;6;10;3;0;6;124;153;61;328;988;118;107;19
201612;5010102;5;1;1;2;2;714;343;371;12;3;0;6;7;3;9;9;9;12;6;12;32;58;50;66;70;51;67;56;25;40;21;19;15;21;16;9;4;6;0;0;12;16;48;12;90;385;80;61;10
201612;5010103;5;1;1;3;2;559;285;274;0;3;3;10;3;0;3;10;6;4;0;6;21;19;28;28;62;68;58;38;45;52;30;10;6;15;6;16;9;0;0;0;0;19;23;6;40;327;92;43;9
201612;5010204;5;1;2;4;2;593;276;317;9;9;9;18;6;18;9;19;14;19;9;24;18;34;18;21;56;64;55;54;30;24;13;6;3;3;9;16;3;3;0;0;9;42;88;24;52;298;43;31;6
201612;5010205;5;1;2;5;2;183;82;101;0;0;0;0;0;0;0;0;7;4;0;3;6;10;12;6;12;11;16;19;14;15;3;4;6;12;11;6;3;0;3;0;0;0;11;3;16;90;22;35;6
201612;5010206;5;1;2;6;2;1626;829;797;21;19;31;41;24;21;13;27;53;34;6;34;36;105;61;111;158;166;154;127;120;75;53;14;19;26;30;25;12;10;0;0;21;115;154;34;141;897;142;100;22
201612;5010207;5;1;2;7;2;2384;1179;1205;39;24;26;59;28;21;31;49;31;37;25;67;90;124;89;135;239;242;267;208;129;133;58;31;34;42;63;27;24;9;3;0;39;137;194;67;214;1309;222;166;36
201612;5010208;5;1;2;8;2;1362;713;649;10;16;19;29;21;13;13;13;12;15;6;23;43;117;62;109;155;176;93;104;94;52;30;15;18;28;35;19;16;3;3;0;10;85;72;23;160;793;97;100;22
201612;5010209;5;1;2;9;2;753;403;350;6;3;13;9;0;6;12;3;12;9;10;13;21;32;30;39;87;69;79;78;75;33;24;18;12;19;18;10;6;4;3;0;6;25;52;13;53;457;75;59;13
201612;5010310;5;1;3;10;2;738;374;364;18;9;7;15;3;6;7;10;6;13;0;15;24;53;44;42;70;91;85;43;59;30;13;9;3;18;20;16;6;0;3;0;18;34;42;15;77;434;52;57;9
201612;5010311;5;1;3;11;2;1544;808;736;23;17;19;39;25;30;33;43;27;23;21;41;49;96;52;92;154;140;148;110;97;59;28;21;22;36;45;27;18;6;3;0;23;100;177;41;145;793;108;130;27
201612;5010312;5;1;3;12;2;2485;1404;1081;19;31;13;69;22;27;17;55;46;30;14;76;88;167;88;212;261;290;214;199;182;109;40;34;37;44;49;36;16;0;0;0;19;135;189;76;255;1446;183;166;16
201612;5010313;5;1;3;13;2;1519;792;727;16;9;10;27;18;22;22;21;13;26;7;46;57;90;78;127;171;113;144;137;103;75;36;22;24;32;42;16;12;3;0;0;16;64;111;46;147;873;133;114;15
201612;5010314;5;1;3;14;2;2338;1186;1152;18;17;18;33;12;7;16;30;30;29;21;33;65;157;81;160;269;263;209;236;175;131;68;31;43;51;67;29;33;6;0;0;18;80;133;33;222;1393;230;190;39
201612;5010339;5;1;3;39;2;579;345;234;18;16;21;38;20;15;16;25;27;21;9;31;27;41;13;46;70;56;19;19;6;7;6;6;3;0;0;3;0;0;0;0;18;95;113;31;68;229;19;6;0
201612;5020415;5;2;4;15;2;187;89;98;0;0;0;0;0;3;0;3;0;3;0;9;0;12;6;0;34;15;26;15;19;18;3;7;6;0;0;0;0;8;0;0;0;0;9;9;12;115;28;6;8
201612;5020416;5;2;4;16;2;28;15;13;0;0;0;0;0;0;0;0;0;0;0;0;0;3;0;0;0;3;9;0;3;3;3;0;0;4;0;0;0;0;0;0;0;0;0;0;3;15;6;4;0
201612;5020417;5;2;4;17;2;763;437;326;3;9;6;9;3;14;6;16;9;10;4;51;39;33;29;33;52;73;77;56;55;42;24;11;7;24;25;24;19;0;0;0;3;27;59;51;72;375;77;80;19
201612;5020418;5;2;4;18;2;343;193;150;0;0;3;6;0;3;0;3;4;6;0;3;6;23;6;22;46;46;28;19;35;27;6;6;15;9;12;3;6;0;0;0;0;9;16;3;29;202;39;39;6
201612;5020419;5;2;4;19;2;814;387;427;9;12;6;24;3;6;9;12;16;4;4;22;21;44;25;43;86;83;64;79;68;54;28;10;13;24;15;15;9;6;0;0;9;45;51;22;65;448;92;67;15
201612;5020420;5;2;4;20;2;58;33;25;0;0;0;0;3;0;0;4;0;0;3;3;3;3;0;0;6;3;6;6;0;6;0;3;0;0;9;0;0;0;0;0;0;3;7;3;6;21;9;9;0
201612;5020521;5;2;5;21;2;281;148;133;0;3;3;0;3;3;0;3;3;10;9;0;15;16;12;13;23;18;40;28;27;18;12;3;3;3;0;10;0;3;0;0;0;9;28;0;31;161;33;16;3
201612;5020522;5;2;5;22;2;1957;971;986;48;30;31;52;34;28;37;67;57;46;16;48;84;133;65;99;225;212;193;157;105;53;18;15;14;37;29;15;3;3;3;0;48;147;251;48;217;1056;86;95;9
201612;5020523;5;2;5;23;2;3206;1575;1631;39;55;34;101;34;54;31;77;75;55;23;99;127;188;111;206;297;372;321;267;208;143;54;44;28;48;56;40;13;3;3;0;39;224;315;99;315;1782;241;172;19
201612;5020524;5;2;5;24;2;425;218;207;6;6;3;0;3;0;0;0;0;10;3;6;13;24;18;26;48;34;40;37;40;41;12;6;6;15;7;18;3;0;0;0;6;12;13;6;37;243;59;46;3
201612;5020625;5;2;6;25;2;1310;690;620;17;12;18;17;7;3;19;16;12;24;12;51;51;95;50;95;164;106;128;111;75;55;36;25;16;25;36;15;15;4;0;0;17;54;86;51;146;729;116;92;19
201612;5020626;5;2;6;26;2;4636;2736;1900;56;36;40;119;62;37;46;83;74;74;27;115;284;478;252;395;549;411;393;297;230;175;77;48;54;67;62;68;24;0;0;3;56;257;341;115;762;2527;300;251;27
201612;5020627;5;2;6;27;2;812;422;390;3;10;3;23;4;10;9;12;18;9;9;18;44;58;36;60;95;86;87;68;62;17;28;6;3;9;10;3;9;3;0;0;3;40;67;18;102;494;51;25;12
201612;5020628;5;2;6;28;2;194;96;98;3;0;0;0;4;0;3;4;3;3;3;3;6;18;0;3;14;28;16;18;30;16;3;0;0;0;10;3;3;0;0;0;3;4;16;3;24;109;19;13;3
201612;5020629;5;2;6;29;2;305;148;157;0;0;0;0;0;0;3;3;9;3;0;7;3;19;4;18;34;31;33;28;18;18;9;9;6;15;21;6;4;4;0;0;0;0;18;7;22;166;36;48;8
201612;5030730;5;3;7;30;2;663;325;338;3;3;7;10;6;3;0;13;3;0;6;12;26;15;15;28;79;104;88;67;46;27;14;7;6;25;21;22;7;0;0;0;3;26;25;12;41;427;48;74;7
201612;5030731;5;3;7;31;2;2173;1042;1131;20;9;22;29;13;15;25;18;20;34;9;42;49;149;107;131;254;211;230;176;150;143;97;36;33;48;52;24;18;9;0;0;20;73;121;42;198;1259;276;157;27
201612;5030832;5;3;8;32;2;2731;1376;1355;12;24;24;49;21;31;29;19;36;36;16;63;98;191;103;171;291;290;262;224;180;105;83;59;60;89;88;40;25;12;0;0;12;118;167;63;289;1521;247;277;37
201612;5030833;5;3;8;33;2;1138;733;405;19;23;18;39;23;20;20;25;32;19;9;34;105;160;88;123;134;59;66;35;12;39;12;3;0;18;3;0;0;0;0;0;19;103;125;34;265;517;54;21;0
201612;5040934;5;4;9;34;2;909;520;389;11;19;19;32;27;11;25;38;31;24;18;37;47;82;46;53;97;77;45;55;25;23;16;0;3;4;25;6;3;7;3;0;11;97;147;37;129;398;39;38;13
201612;5040935;5;4;9;35;2;73;45;28;3;0;0;0;0;0;0;0;0;0;0;3;4;7;0;9;6;3;15;0;10;0;0;4;0;6;3;0;0;0;0;0;3;0;0;3;11;43;4;9;0
201612;5040936;5;4;9;36;2;541;251;290;0;3;3;0;3;4;3;10;9;6;0;6;23;23;9;25;49;56;46;71;37;48;6;10;12;28;24;15;6;6;0;0;0;9;32;6;46;293;64;79;12
201612;5040937;5;4;9;37;2;118;54;64;0;0;0;0;0;0;0;0;0;0;0;6;6;3;3;3;12;9;13;10;9;21;10;3;3;0;7;0;0;0;0;0;0;0;0;6;9;59;34;10;0
201612;5040938;5;4;9;38;2;198;102;96;0;0;0;0;0;4;3;0;3;0;0;29;13;6;6;9;9;22;12;22;19;15;0;3;10;3;0;4;3;3;0;0;0;0;10;29;19;99;18;17;6
201612;6010101;6;1;1;1;2;840;421;419;0;6;7;0;0;3;3;8;15;3;6;26;24;67;38;45;93;70;65;86;64;47;39;9;9;35;37;23;3;6;3;0;0;13;38;26;91;461;95;104;12
201612;6010102;6;1;1;2;2;1658;810;848;12;12;13;15;7;7;3;18;18;18;8;45;43;91;44;117;183;182;144;147;145;114;55;22;42;43;46;33;15;4;12;0;12;47;72;45;134;962;191;164;31
201612;6010103;6;1;1;3;2;944;462;482;3;6;3;13;8;10;3;6;0;9;3;12;24;39;31;63;91;101;112;106;60;51;18;28;21;33;36;18;9;9;12;6;3;30;31;12;63;564;97;108;36
201612;6010204;6;1;2;4;2;1080;551;529;3;0;9;15;10;6;6;12;6;6;3;25;39;72;44;73;122;109;98;100;67;69;38;18;21;33;34;21;6;6;6;3;3;34;39;25;111;613;125;109;21
201612;6010205;6;1;2;5;2;1343;641;702;12;20;6;15;7;15;6;11;10;12;3;15;45;79;57;96;145;137;139;130;105;86;28;18;30;21;42;25;9;9;3;7;12;48;57;15;124;809;132;118;28
201612;6010206;6;1;2;6;2;1105;541;564;6;3;10;20;4;3;12;18;15;6;3;9;22;56;49;65;139;129;84;86;85;59;34;29;34;38;39;27;12;6;0;3;6;37;57;9;78;637;122;138;21
201612;6010207;6;1;2;7;2;1228;584;644;3;3;3;27;6;9;3;9;19;13;9;18;18;69;49;97;164;104;129;112;98;80;40;21;18;35;21;33;3;6;6;3;3;39;62;18;87;753;141;107;18
201612;6010208;6;1;2;8;2;1122;604;518;13;6;6;13;10;10;7;16;12;7;0;11;38;90;45;95;128;143;95;76;79;50;27;27;27;39;36;6;7;3;0;0;13;35;52;11;128;661;104;108;10
201612;6010209;6;1;2;9;2;1428;649;779;10;6;6;7;13;3;0;9;6;16;0;15;31;97;69;104;169;169;131;122;104;95;39;21;28;47;55;30;14;12;0;0;10;32;34;15;128;868;155;160;26
201612;6010210;6;1;2;10;2;648;321;327;0;3;10;4;3;6;3;3;3;0;3;6;12;22;21;52;52;67;80;75;57;36;29;15;6;16;20;26;9;3;3;3;0;20;18;6;34;404;80;68;18
201612;6020301;6;2;3;1;2;480;218;262;0;0;0;3;13;7;4;3;3;10;0;6;24;34;12;30;56;40;49;36;33;29;18;16;9;12;14;10;3;6;0;0;0;16;27;6;58;256;63;45;9
201612;6020302;6;2;3;2;2;600;276;324;6;0;0;3;3;3;0;3;12;9;3;13;12;21;15;28;65;92;60;41;39;29;18;21;15;40;18;10;12;3;3;3;6;6;30;13;33;340;68;83;21
201612;6020303;6;2;3;3;2;1018;517;501;3;9;3;10;6;6;3;18;3;13;3;7;21;52;36;86;134;122;100;71;93;76;38;12;19;13;36;6;16;3;0;0;3;28;46;7;73;642;126;74;19
201612;6020304;6;2;3;4;2;880;435;445;9;3;7;12;9;3;3;3;12;9;0;12;23;50;29;84;100;98;91;81;51;57;32;3;12;28;35;6;12;6;0;0;9;31;30;12;73;534;92;81;18
201612;6020305;6;2;3;5;2;1936;985;951;6;15;9;15;6;18;22;18;16;10;6;31;94;262;81;138;213;204;155;177;112;86;49;24;31;46;28;37;15;12;0;0;6;45;90;31;356;1080;159;142;27
201612;6020306;6;2;3;6;2;475;225;250;0;0;0;9;3;3;0;6;4;3;0;10;25;24;15;20;33;45;62;48;33;26;15;16;4;9;21;34;7;0;0;0;0;12;16;10;49;256;57;68;7
201612;6020407;6;2;4;7;2;1040;524;516;11;9;9;13;6;14;10;16;20;17;3;15;20;67;31;81;144;97;120;71;74;45;25;19;16;29;30;16;9;3;0;0;11;37;80;15;87;618;89;91;12
201612;6020408;6;2;4;8;2;982;489;493;10;9;12;15;23;10;11;6;16;22;10;25;42;87;51;57;91;89;89;87;46;47;27;19;3;16;20;18;12;0;9;3;10;59;75;25;129;510;93;57;24
201612;6020409;6;2;4;9;2;1086;554;532;6;15;7;31;0;9;7;14;10;15;7;36;38;52;38;53;109;127;97;98;90;49;34;12;13;23;27;37;3;15;0;14;6;53;62;36;90;612;95;100;32
201612;6020410;6;2;4;10;2;727;375;352;3;0;9;4;6;9;7;15;6;7;0;0;80;39;31;45;47;40;50;51;40;67;31;19;22;28;41;9;21;0;0;0;3;19;44;0;119;304;117;100;21
201612;6020411;6;2;4;11;2;813;380;433;9;4;3;9;3;6;3;18;11;9;6;13;28;52;21;42;92;99;84;61;65;37;30;12;15;16;15;33;7;3;7;0;9;19;53;13;80;464;79;79;17
201612;6030501;6;3;5;1;2;881;525;356;15;3;10;18;6;4;13;18;9;9;3;15;71;104;47;57;96;85;57;62;59;27;16;6;9;13;16;27;3;3;0;0;15;37;56;15;175;463;49;65;6
201612;6030502;6;3;5;2;2;598;289;309;9;3;4;10;3;13;7;13;6;14;0;19;21;24;22;25;53;66;54;56;44;30;15;12;20;13;20;16;0;6;0;0;9;20;53;19;45;320;57;69;6
201612;6030503;6;3;5;3;2;1517;728;789;12;13;3;22;9;3;6;18;27;15;10;31;38;96;53;78;156;145;152;138;106;100;49;36;41;40;40;34;22;15;6;3;12;47;79;31;134;828;185;155;46
201612;6030504;6;3;5;4;2;1224;625;599;0;10;18;13;14;14;6;22;10;14;3;28;58;60;45;56;111;91;110;102;99;92;52;17;21;46;49;28;32;0;0;3;0;55;69;28;118;614;161;144;35
201612;6030605;6;3;6;5;2;1013;525;488;13;6;11;0;3;3;0;6;10;3;9;15;37;59;58;87;102;105;99;93;60;77;35;19;24;21;34;15;3;3;0;3;13;20;31;15;96;604;131;94;9
201612;6030606;6;3;6;6;2;888;463;425;3;6;4;19;3;7;4;13;6;10;3;10;48;75;45;41;86;100;66;59;69;46;27;27;13;18;33;23;18;6;0;0;3;32;43;10;123;466;100;87;24
201612;6030607;6;3;6;7;2;671;340;331;0;0;0;3;0;3;0;6;6;0;0;6;41;173;81;69;43;75;39;32;24;15;7;0;6;22;3;6;11;0;0;0;0;3;15;6;214;363;22;37;11
201612;6030608;6;3;6;8;2;1543;835;708;12;9;6;29;15;9;27;22;30;23;12;102;58;119;52;74;164;126;189;85;86;75;34;31;15;43;38;24;15;13;6;0;12;59;123;102;177;776;140;120;34
201612;6030609;6;3;6;9;2;1492;724;768;6;6;12;24;9;6;6;15;15;17;6;25;48;88;72;82;166;143;118;155;134;103;45;26;25;32;55;28;12;0;10;3;6;51;65;25;136;870;174;140;25
201612;6030610;6;3;6;10;2;933;457;476;0;6;7;16;15;6;12;9;7;14;9;14;40;56;18;59;84;92;63;116;86;47;27;18;24;21;15;18;15;7;3;9;0;44;57;14;96;518;92;78;34
201612;6040701;6;4;7;1;2;1182;579;603;13;10;3;15;12;12;8;21;19;14;9;29;29;72;36;56;97;102;112;115;87;66;43;32;28;39;41;25;15;13;0;9;13;40;83;29;101;605;141;133;37
201612;6040702;6;4;7;2;2;437;189;248;3;0;3;7;4;0;7;3;3;0;0;15;21;6;6;12;40;40;52;65;25;23;22;18;3;27;13;7;6;0;0;6;3;14;13;15;27;240;63;50;12
201612;6040703;6;4;7;3;2;1894;1002;892;0;0;3;19;3;0;3;7;9;3;3;17;118;418;225;202;208;112;84;85;89;70;41;21;24;27;49;29;19;3;3;0;0;25;25;17;536;1005;132;129;25
201612;6040804;6;4;8;4;2;667;336;331;0;3;3;7;3;0;6;0;0;7;3;13;27;40;18;44;51;54;40;79;57;42;23;15;10;30;40;28;6;8;3;7;0;16;16;13;67;343;80;108;24
201612;6040805;6;4;8;5;2;571;265;306;9;3;9;10;3;3;3;0;9;9;7;3;13;19;17;30;57;59;41;49;58;45;13;6;12;25;34;10;3;9;0;3;9;25;31;3;32;311;64;81;15
201612;6040806;6;4;8;6;2;544;239;305;4;4;4;7;3;0;4;6;0;0;3;0;25;45;31;36;51;50;54;37;30;39;21;18;6;10;15;10;16;9;0;6;4;18;13;0;70;289;78;41;31
201612;6040807;6;4;8;7;2;649;289;360;0;3;0;9;0;3;0;12;6;3;0;12;6;49;12;40;76;39;65;76;66;33;27;16;23;18;18;10;12;6;3;6;0;12;24;12;55;374;76;69;27
201612;6040808;6;4;8;8;2;793;405;388;9;6;9;13;7;9;6;15;26;6;6;29;38;78;20;33;48;74;100;74;49;33;9;27;12;21;18;12;6;0;0;0;9;35;68;29;116;398;69;63;6
201612;6040809;6;4;8;9;2;1103;630;473;6;3;0;10;3;7;7;18;15;3;6;21;74;103;52;66;120;70;88;73;86;53;31;18;24;37;39;36;15;15;4;0;6;16;56;21;177;555;102;136;34
201612;6040810;6;4;8;10;2;1130;531;599;7;8;9;6;12;3;6;18;18;26;7;30;44;65;44;66;108;85;110;98;80;71;30;27;13;33;36;33;9;9;13;6;7;35;78;30;109;591;128;115;37
201612;7010101;7;1;1;1;1;3142;1736;1406;22;31;30;50;33;27;32;37;36;30;17;51;85;205;121;187;355;293;305;276;195;221;110;59;47;68;88;78;31;10;9;3;22;144;179;51;290;1732;390;281;53
201612;7010102;7;1;1;2;1;5213;2788;2425;28;18;9;34;22;18;9;36;48;40;21;103;165;366;233;378;566;448;501;464;440;335;176;91;100;146;180;120;65;35;12;6;28;83;172;103;531;3030;602;546;118
201612;7010103;7;1;1;3;1;2253;1193;1060;6;6;9;22;3;12;10;13;12;23;10;16;49;146;104;211;270;248;208;182;174;133;83;53;36;57;57;55;27;12;0;6;6;40;80;16;195;1397;269;205;45
201612;7010104;7;1;1;4;1;4853;2553;2300;25;15;12;22;16;13;19;39;26;29;14;71;161;329;230;332;564;463;453;427;374;286;161;79;68;175;201;117;97;24;11;0;25;65;140;71;490;2843;526;561;132
201612;7020201;7;2;2;1;1;1942;960;982;6;15;10;21;0;9;7;12;6;23;3;27;36;145;85;160;260;182;168;170;148;108;53;32;42;67;69;36;24;15;0;3;6;46;60;27;181;1173;193;214;42
201612;7020202;7;2;2;2;1;2569;1418;1151;17;12;10;15;13;6;16;18;13;25;12;25;80;212;132;241;350;296;238;232;156;141;57;42;21;39;84;31;22;13;0;0;17;50;90;25;292;1645;240;175;35
201612;7020203;7;2;2;3;1;4439;2367;2072;13;17;22;25;19;12;12;31;21;20;18;70;124;297;228;383;551;470;401;359;367;232;151;82;70;116;158;87;59;12;3;9;13;83;114;70;421;2759;465;431;83
201612;7020204;7;2;2;4;1;2467;1291;1176;15;10;6;18;6;6;14;6;6;10;4;25;67;200;128;233;359;282;201;203;167;139;74;41;39;41;78;55;25;6;3;0;15;40;46;25;267;1573;254;213;34
201612;7030301;7;3;3;1;1;3563;1649;1914;17;13;23;45;18;16;19;51;49;37;12;71;125;287;175;244;388;368;353;308;238;180;107;51;63;66;96;76;34;27;6;0;17;99;184;71;412;2074;338;301;67
201612;7030302;7;3;3;2;1;1479;727;752;4;6;6;16;3;9;3;18;18;3;3;13;58;106;80;123;181;135;128;113;104;74;55;37;24;30;57;50;13;3;3;3;4;31;54;13;164;864;166;161;22
201612;7030303;7;3;3;3;1;2612;1316;1296;9;9;9;13;10;9;12;16;13;32;14;32;101;177;104;177;288;285;238;238;221;134;86;42;41;94;93;67;30;12;6;0;9;41;96;32;278;1551;262;295;48
201612;7040401;7;4;4;1;2;3957;2182;1775;18;35;22;38;19;15;17;39;30;40;19;57;228;376;193;322;435;378;371;310;268;187;93;46;67;80;103;86;37;16;3;9;18;114;160;57;604;2277;326;336;65
201612;7040402;7;4;4;2;2;183;100;83;0;4;0;0;4;0;0;0;0;0;0;3;9;10;4;6;21;22;14;23;20;15;6;0;3;6;4;3;0;3;3;0;0;8;0;3;19;110;21;16;6
201612;7040403;7;4;4;3;2;4446;2350;2096;27;12;32;44;12;18;20;44;49;33;28;88;122;259;214;372;546;493;477;383;308;219;116;65;64;104;135;81;53;16;9;3;27;100;192;88;381;2793;400;384;81
201612;7040404;7;4;4;4;2;586;300;286;3;6;0;3;0;0;3;4;0;10;0;18;9;38;20;40;45;50;64;49;52;36;18;15;17;21;16;15;13;9;6;6;3;9;17;18;47;320;69;69;34
201612;7040405;7;4;4;5;2;2620;1397;1223;25;15;13;39;19;28;13;36;32;18;15;56;116;190;132;209;340;279;252;209;160;111;64;31;39;63;49;40;24;3;0;0;25;86;142;56;306;1581;206;191;27
201612;7040406;7;4;4;6;2;1252;719;533;6;16;12;25;8;10;12;12;6;6;4;27;36;89;75;144;170;135;111;104;83;44;27;9;9;18;29;10;6;9;0;0;6;61;50;27;125;822;80;66;15
201612;7050501;7;5;5;1;2;3105;1564;1541;24;12;21;50;19;27;27;43;22;45;23;46;78;210;143;216;350;289;343;215;234;175;95;50;52;91;98;61;28;9;6;3;24;102;187;46;288;1790;320;302;46
201612;7050502;7;5;5;2;2;1679;947;732;16;18;6;25;10;3;6;12;18;19;4;47;75;133;96;143;176;156;153;181;114;69;43;22;25;22;30;24;12;12;9;0;16;59;62;47;208;1019;134;101;33
201612;7050503;7;5;5;3;2;1304;662;642;6;9;6;12;7;9;9;15;20;14;3;13;40;79;40;85;168;147;125;101;93;72;52;18;25;51;40;18;21;6;0;0;6;34;70;13;119;759;142;134;27
201612;7050504;7;5;5;4;2;724;375;349;6;3;6;9;7;0;6;6;6;0;3;30;17;49;34;50;72;63;59;78;53;47;21;10;16;21;25;12;12;3;0;0;6;25;21;30;66;409;78;74;15
201612;7050505;7;5;5;5;2;1198;598;600;15;4;10;17;3;18;12;16;12;10;4;22;43;81;28;85;103;108;145;114;94;59;31;15;20;37;40;34;6;9;3;0;15;34;72;22;124;677;105;131;18
201612;7050506;7;5;5;6;2;270;129;141;0;3;3;3;3;0;6;6;3;4;3;6;14;12;21;15;25;42;25;18;24;9;10;0;0;3;0;9;0;3;0;0;0;12;22;6;26;170;19;12;3
201612;7060601;7;6;6;1;2;2124;1128;996;38;31;31;80;25;41;37;67;58;62;23;80;88;141;89;122;198;172;177;147;130;85;47;41;25;24;34;9;16;0;6;0;38;167;288;80;229;1035;173;92;22
201612;7060602;7;6;6;2;2;437;226;211;3;3;0;6;3;0;7;0;7;4;3;3;14;21;10;27;66;46;31;37;32;37;6;12;3;19;16;15;3;3;0;0;3;12;21;3;35;249;55;53;6
201612;7060603;7;6;6;3;2;774;381;393;9;15;19;39;13;19;9;23;41;23;15;32;40;49;16;32;61;86;79;51;36;19;9;10;3;9;10;7;0;0;0;0;9;86;130;32;89;361;38;29;0
201612;7060604;7;6;6;4;2;1825;909;916;21;7;9;22;12;19;13;18;22;15;10;35;62;75;54;138;205;221;238;152;131;85;50;21;35;34;47;46;19;9;0;0;21;50;97;35;137;1139;156;162;28
201612;7070701;7;7;7;1;2;902;434;468;9;6;6;6;6;10;3;12;12;7;13;23;38;51;22;40;86;116;108;65;82;31;30;26;13;18;36;21;3;3;0;0;9;24;57;23;89;519;87;88;6
201612;7070702;7;7;7;2;2;723;346;377;3;9;7;3;0;6;6;10;6;3;0;6;21;35;17;56;62;71;75;81;58;49;43;12;19;12;22;19;6;0;6;0;3;19;31;6;56;420;104;72;12
201612;7070703;7;7;7;3;2;714;326;388;0;6;3;13;10;0;3;9;9;9;6;15;31;35;21;32;49;65;77;95;58;42;19;14;18;35;24;12;4;0;0;0;0;32;36;15;66;397;75;89;4
201612;7070704;7;7;7;4;2;1474;748;726;19;25;16;39;20;24;28;45;58;43;27;71;49;79;45;61;124;134;155;115;89;81;22;15;18;12;30;18;6;3;3;0;19;100;225;71;128;723;118;78;12
201612;7070705;7;7;7;5;2;455;206;249;0;3;0;3;0;6;0;0;6;13;0;20;0;21;16;24;49;37;50;53;55;15;20;6;6;13;9;12;6;6;6;0;0;6;25;20;21;284;41;40;18
201612;7070706;7;7;7;6;2;499;305;194;14;0;13;10;0;6;13;10;3;15;6;9;49;56;24;38;54;40;25;37;27;24;0;0;4;6;13;0;0;3;0;0;14;23;53;9;105;245;24;23;3
201612;7070707;7;7;7;7;2;231;97;134;6;0;3;6;0;0;3;7;6;3;0;0;6;18;7;13;30;30;13;15;19;13;6;3;3;6;3;6;6;0;0;0;6;9;19;0;24;127;22;18;6
201612;8010115;8;1;1;15;1;228;131;97;0;3;3;3;0;0;0;0;0;0;0;0;4;22;12;24;34;35;12;22;14;6;6;13;6;6;0;3;0;0;0;0;0;9;0;0;26;153;25;15;0
201612;8010116;8;1;1;16;1;1287;709;578;6;3;0;12;3;6;3;4;3;4;7;18;27;60;74;139;160;146;132;93;109;73;42;22;15;28;34;38;23;3;0;0;6;18;27;18;87;853;137;115;26
201612;8010117;8;1;1;17;1;5271;2843;2428;23;20;18;38;13;21;15;21;30;29;16;47;118;331;334;595;937;689;494;371;308;195;92;75;78;115;118;93;34;3;0;0;23;89;132;47;449;3728;362;404;37
201612;8010118;8;1;1;18;1;4237;2221;2016;27;33;25;72;24;33;33;50;63;36;18;75;109;304;267;400;575;486;365;353;300;176;98;35;32;75;81;48;27;4;10;3;27;154;233;75;413;2746;309;236;44
201612;8010211;8;1;2;11;1;3870;2060;1810;19;12;31;38;31;10;16;33;28;32;7;56;105;238;236;374;633;464;300;304;278;176;86;44;28;65;103;76;35;9;3;0;19;112;126;56;343;2589;306;272;47
201612;8010212;8;1;2;12;1;2510;1264;1246;11;6;22;9;4;11;9;19;32;13;21;47;64;116;91;179;356;256;271;220;177;126;96;49;40;48;102;69;37;6;0;3;11;41;105;47;180;1550;271;259;46
201612;8010213;8;1;2;13;1;4406;2330;2076;27;31;25;71;22;28;25;39;28;45;22;70;122;274;236;476;656;471;407;362;261;184;92;46;63;82;121;89;16;9;6;0;27;149;187;70;396;2869;322;355;31
201612;8010214;8;1;2;14;1;2795;1451;1344;17;12;10;27;24;22;15;33;37;27;3;86;89;198;157;270;322;284;267;218;232;162;65;34;34;37;54;25;22;6;3;3;17;73;137;86;287;1750;261;150;34
201612;8010301;8;1;3;1;1;8569;4499;4070;35;39;39;59;28;23;33;60;66;55;16;86;167;450;422;902;1577;1277;823;631;529;317;158;118;96;158;197;130;62;12;4;0;35;165;253;86;617;6161;593;581;78
201612;8010302;8;1;3;2;1;772;391;381;0;3;0;3;3;10;0;6;3;6;3;7;19;42;36;58;102;100;107;67;40;52;21;12;14;19;12;13;9;5;0;0;0;9;28;7;61;510;85;58;14
201612;8010303;8;1;3;3;1;3404;1831;1573;15;15;18;47;26;9;23;27;21;28;13;61;84;230;191;351;572;419;314;226;203;125;67;46;49;67;69;63;19;3;0;3;15;106;121;61;314;2276;238;248;25
201612;8010404;8;1;4;4;1;8242;4447;3795;47;52;61;109;53;43;52;96;88;93;37;144;243;573;444;849;1232;960;739;527;527;347;185;96;106;151;199;115;53;15;6;0;47;275;409;144;816;5278;628;571;74
201612;8010405;8;1;4;5;1;2890;1488;1402;13;15;18;62;25;24;6;50;36;36;21;54;84;179;136;325;477;343;253;215;154;120;64;25;12;48;39;27;23;0;6;0;13;120;173;54;263;1903;209;126;29
201612;8010406;8;1;4;6;1;2567;1361;1206;36;36;42;68;27;23;24;52;28;34;16;67;83;167;98;211;346;288;279;179;143;99;53;37;30;27;28;31;6;6;3;0;36;173;177;67;250;1544;189;116;15
201612;8010407;8;1;4;7;1;243;135;108;0;3;0;3;3;0;3;0;0;0;0;3;0;24;24;33;37;38;12;18;18;0;3;0;0;3;9;6;3;0;0;0;0;9;3;3;24;180;3;18;3
201612;8010508;8;1;5;8;1;1856;965;891;9;15;0;26;17;4;19;18;22;16;10;26;78;111;85;144;216;175;199;137;179;114;48;21;33;32;49;37;7;6;3;0;9;58;89;26;189;1135;183;151;16
201612;8010509;8;1;5;9;1;2778;1455;1323;15;12;20;43;35;36;24;43;39;25;26;51;97;162;82;171;315;304;294;304;217;127;64;29;50;41;73;52;24;3;0;0;15;110;193;51;259;1687;220;216;27
201612;8010510;8;1;5;10;1;266;164;102;0;0;6;6;3;3;6;6;0;6;5;6;9;34;15;21;46;37;9;0;21;12;6;0;0;0;6;0;0;0;0;3;0;15;26;6;43;149;18;6;3
201612;8020619;8;2;6;19;2;3385;1887;1498;40;30;46;81;42;34;38;45;59;46;15;77;159;261;202;251;406;323;316;261;212;151;58;33;31;59;46;42;9;12;0;0;40;199;237;77;420;1971;242;178;21
201612;8020620;8;2;6;20;2;1904;1001;903;6;14;21;29;15;12;12;25;11;13;14;47;59;112;87;139;204;229;206;161;163;98;39;22;20;36;54;31;22;3;0;0;6;79;87;47;171;1189;159;141;25
201612;8020621;8;2;6;21;2;201;96;105;3;4;3;3;0;0;0;0;0;0;0;6;6;13;0;21;18;7;21;16;21;12;10;9;9;6;7;3;0;3;0;0;3;10;0;6;19;104;31;25;3
201612;8020622;8;2;6;22;2;1763;858;905;9;9;12;15;3;7;10;15;13;3;14;36;50;120;84;158;201;200;167;137;121;91;49;18;31;48;51;58;18;12;3;0;9;39;62;36;170;1068;158;188;33
201612;8020623;8;2;6;23;2;158;74;84;0;3;3;0;0;0;0;0;0;6;0;7;3;3;15;7;18;9;18;12;22;9;7;3;3;4;3;0;3;0;0;0;0;6;6;7;6;101;19;10;3
201612;8020624;8;2;6;24;2;153;81;72;0;0;3;0;0;0;0;0;0;0;0;3;10;4;6;9;18;9;22;15;12;6;0;3;9;10;3;8;3;0;0;0;0;3;0;3;14;91;9;30;3
201612;8020625;8;2;6;25;2;454;240;214;9;0;0;3;0;0;0;0;7;6;0;0;6;45;28;22;47;47;41;48;43;28;12;9;3;19;9;9;9;4;0;0;9;3;13;0;51;276;49;40;13
201612;8020726;8;2;7;26;2;816;394;422;3;0;6;14;0;9;6;6;4;9;3;13;30;51;21;46;74;76;84;98;61;63;21;18;13;21;26;25;9;3;3;0;3;20;37;13;81;460;102;85;15
201612;8020727;8;2;7;27;2;1243;636;607;12;12;3;15;13;6;15;23;9;24;15;37;35;86;50;73;129;135;142;119;89;47;40;9;9;19;41;27;6;3;0;0;12;43;92;37;121;737;96;96;9
201612;8020728;8;2;7;28;2;1612;851;761;15;15;19;24;12;10;3;30;22;15;9;30;97;154;82;146;165;162;148;123;104;48;48;16;19;19;28;22;12;15;0;0;15;70;89;30;251;930;112;88;27
201612;8030829;8;3;8;29;2;2434;1225;1209;10;19;19;23;15;22;7;38;28;28;22;45;73;131;77;127;251;270;256;238;204;162;89;48;36;43;54;65;16;12;6;0;10;76;145;45;204;1423;299;198;34
201612;8030830;8;3;8;30;2;1062;531;531;6;3;0;10;15;0;0;0;3;9;3;6;30;42;47;94;120;98;102;107;109;56;39;19;13;30;45;23;22;11;0;0;6;28;15;6;72;677;114;111;33
201612;8030831;8;3;8;31;2;3367;1688;1679;22;6;15;29;6;10;27;39;38;41;18;68;133;182;137;184;333;351;401;304;279;208;84;59;55;71;120;73;54;16;4;0;22;56;173;68;315;1989;351;319;74
201612;8040932;8;4;9;32;2;342;149;193;0;3;6;10;0;3;3;6;10;7;3;9;6;16;0;12;54;55;37;33;26;6;14;8;6;0;6;3;0;0;0;0;0;19;32;9;22;217;28;15;0
201612;8040933;8;4;9;33;2;509;252;257;3;3;0;6;3;0;7;0;0;6;3;9;17;33;17;33;53;54;55;57;39;26;13;9;3;16;15;20;0;6;3;0;3;12;16;9;50;308;48;54;9
201612;8040934;8;4;9;34;2;315;155;160;0;0;3;7;0;0;0;10;6;7;6;14;13;15;10;33;26;18;27;33;18;26;12;3;6;10;3;6;3;0;0;0;0;10;29;14;28;165;41;25;3
201612;8041035;8;4;10;35;2;954;465;489;10;0;3;12;9;3;7;10;15;10;9;25;43;41;44;57;74;94;132;103;72;35;21;22;16;12;41;21;6;3;4;0;10;24;54;25;84;576;78;90;13
201612;8041036;8;4;10;36;2;527;274;253;0;7;0;0;3;4;0;6;0;3;6;10;19;15;15;28;43;56;46;65;51;32;9;16;6;20;10;30;18;9;0;0;0;10;19;10;34;304;57;66;27
201612;8041037;8;4;10;37;2;981;489;492;6;12;6;10;9;6;0;19;9;15;6;16;36;75;36;43;103;98;82;97;69;75;22;22;22;21;33;18;9;3;3;0;6;37;55;16;111;528;119;94;15
201612;8041038;8;4;10;38;2;496;267;229;0;0;3;0;0;0;0;0;9;4;4;6;18;40;18;28;46;56;48;44;52;21;12;7;9;15;26;27;3;0;0;0;0;3;17;6;58;292;40;77;3
201612;8041039;8;4;10;39;2;365;168;197;0;0;6;4;0;0;0;7;15;6;3;6;0;9;9;14;52;63;43;37;30;9;13;3;15;6;6;6;0;0;0;3;0;10;31;6;9;248;25;33;3
201612;8041040;8;4;10;40;2;664;340;324;3;0;4;12;3;7;0;7;4;4;0;31;18;30;22;36;40;64;80;80;66;36;22;12;10;21;9;12;24;7;0;0;3;19;22;31;48;388;70;52;31
201612;9010101;9;1;1;1;2;2107;1157;950;9;12;9;26;12;8;9;6;16;13;6;23;59;162;123;260;404;305;219;171;114;54;18;25;10;6;22;6;0;0;0;0;9;59;58;23;221;1596;97;44;0
201612;9010102;9;1;1;2;2;9;6;3;0;0;0;3;0;0;0;0;0;0;0;0;0;0;0;0;0;3;0;0;0;3;0;0;0;0;0;0;0;0;0;0;0;3;0;0;0;3;3;0;0
201612;9010201;9;1;2;1;2;339;163;176;0;6;7;9;0;3;4;3;0;3;0;0;3;9;18;34;65;54;36;42;25;12;3;0;3;0;0;0;0;0;0;0;0;22;13;0;12;274;15;3;0
201612;9010202;9;1;2;2;2;539;274;265;22;3;3;9;0;0;0;3;13;0;0;3;21;74;44;74;92;50;51;25;19;12;12;0;3;0;0;0;6;0;0;0;22;15;16;3;95;355;24;3;6
201612;9010301;9;1;3;1;2;1123;618;505;3;3;6;12;3;3;12;9;3;10;11;8;34;105;75;133;198;143;111;71;57;51;12;3;13;12;6;10;6;0;0;0;3;24;48;8;139;788;66;41;6
201612;9010302;9;1;3;2;2;251;132;119;0;0;0;0;0;0;0;10;0;3;0;6;6;17;19;9;15;29;18;39;32;12;4;6;0;4;6;13;3;0;0;0;0;0;13;6;23;161;22;23;3
201612;9010401;9;1;4;1;2;327;164;163;3;10;6;6;0;3;6;7;6;6;6;6;9;18;20;46;57;24;25;31;18;0;4;0;3;3;0;0;4;0;0;0;3;22;34;6;27;221;4;6;4
201612;9010402;9;1;4;2;2;1134;605;529;15;12;20;50;16;16;7;32;31;26;15;52;57;86;40;89;152;134;80;53;50;41;12;11;6;13;6;9;3;0;0;0;15;98;127;52;143;598;64;34;3
201612;9020501;9;2;5;1;2;1218;692;526;23;19;12;27;18;15;10;39;19;19;9;50;61;116;81;109;164;126;101;73;56;37;6;9;12;7;0;0;0;0;0;0;23;76;111;50;177;710;52;19;0
201612;9020502;9;2;5;2;2;1611;879;732;25;25;20;34;12;9;12;33;34;23;18;99;85;140;78;142;197;187;128;106;95;56;23;7;4;9;0;6;4;0;0;0;25;91;129;99;225;933;86;19;4
201612;9020601;9;2;6;1;2;1071;665;406;12;12;16;13;12;12;3;16;12;17;9;16;75;127;94;98;141;97;99;76;54;15;18;6;6;6;6;0;3;0;0;0;12;53;69;16;202;659;39;18;3
201612;9020602;9;2;6;2;2;92;53;39;0;0;0;6;0;0;3;0;0;0;0;0;3;7;6;3;3;18;12;9;6;3;3;4;0;0;3;3;0;0;0;0;0;6;3;0;10;57;10;6;0
201612;9020701;9;2;7;1;2;556;320;236;0;7;0;3;0;0;3;3;0;0;0;4;52;195;63;64;53;45;21;27;6;6;4;0;0;0;0;0;0;0;0;0;0;10;6;4;247;279;10;0;0
201612;9020702;9;2;7;2;2;1336;689;647;29;26;16;44;18;21;12;32;27;29;4;27;56;105;79;135;193;131;115;84;61;36;16;10;3;6;8;6;7;0;0;0;29;104;125;27;161;798;62;23;7
201612;9020801;9;2;8;1;2;113;52;61;0;0;0;3;0;0;0;0;0;0;0;3;6;6;6;6;15;18;15;6;13;3;6;4;0;0;0;0;3;0;0;0;0;3;0;3;12;79;13;0;3
201612;9020802;9;2;8;2;2;824;475;349;15;15;18;25;9;6;15;16;12;21;9;18;42;69;29;64;120;96;49;65;31;45;12;0;10;9;4;0;0;0;0;0;15;67;79;18;111;454;57;23;0
201612;9030901;9;3;9;1;2;797;429;368;7;14;6;20;3;9;7;13;15;22;9;19;32;65;40;70;87;81;73;74;40;24;10;12;0;6;11;16;3;9;0;0;7;43;75;19;97;465;46;33;12
201612;9030902;9;3;9;2;2;312;160;152;6;5;6;9;3;3;6;6;9;0;0;0;9;13;12;27;27;28;40;27;21;23;13;6;0;6;4;0;3;0;0;0;6;23;24;0;22;182;42;10;3
201612;9030903;9;3;9;3;2;583;335;248;6;3;7;19;9;12;6;21;13;13;6;22;39;53;35;36;64;55;63;43;19;16;6;0;0;6;0;7;0;4;0;0;6;38;71;22;92;315;22;13;4
201612;9031001;9;3;10;1;2;865;486;379;6;4;9;18;16;12;6;30;25;21;8;33;34;60;34;60;89;112;73;62;55;45;9;6;0;13;16;3;6;0;0;0;6;47;102;33;94;485;60;32;6
201612;9031101;9;3;11;1;2;495;289;206;3;13;4;12;6;6;3;19;6;18;0;22;24;47;24;44;64;28;58;31;22;13;9;0;7;0;3;0;6;3;0;0;3;35;52;22;71;271;22;10;9
201612;9031201;9;3;12;1;2;63;32;31;0;0;0;0;0;4;0;0;0;3;0;3;3;9;0;3;3;9;3;7;6;3;0;4;3;0;0;0;0;0;0;0;0;0;7;3;12;31;7;3;0
201612;9031202;9;3;12;2;2;119;59;60;0;6;0;0;0;3;3;0;0;0;0;3;3;3;10;3;9;23;16;6;10;9;3;0;3;3;0;3;0;0;0;0;0;6;6;3;6;77;12;9;0
201612;9041301;9;4;13;1;2;735;492;243;10;12;6;27;12;9;6;13;13;10;3;16;33;99;55;61;85;89;46;33;37;24;9;0;6;6;9;6;0;0;0;0;10;57;54;16;132;406;33;27;0
201612;9041302;9;4;13;2;2;64;28;36;0;0;0;0;0;0;3;0;0;0;0;0;0;7;3;3;8;15;3;3;7;6;3;3;0;0;0;0;0;0;0;0;0;0;3;0;7;42;12;0;0
201612;9041401;9;4;14;1;2;435;284;151;7;3;0;6;4;3;15;6;13;11;4;6;39;54;37;38;67;36;22;19;17;13;3;3;3;0;0;0;3;0;3;0;7;13;52;6;93;236;19;3;6
201612;9041402;9;4;14;2;2;47;28;19;0;0;4;0;0;3;0;0;3;0;0;0;0;0;0;0;4;18;6;3;0;6;0;0;0;0;0;0;0;0;0;0;0;4;6;0;0;31;6;0;0
201612;9041501;9;4;15;1;2;548;287;261;6;9;9;9;3;6;10;16;9;0;3;19;24;36;32;35;57;79;56;49;36;16;13;0;4;6;6;0;0;0;0;0;6;30;44;19;60;344;29;16;0
201612;9041601;9;4;16;1;2;152;69;83;3;3;0;0;0;0;0;3;0;0;0;0;4;10;6;13;23;15;15;17;13;15;3;0;3;3;0;0;0;0;0;3;3;3;3;0;14;102;18;6;3
201612;9051701;9;5;17;1;2;158;109;49;0;3;0;0;0;0;3;3;4;0;0;0;15;20;9;26;11;13;17;12;9;6;0;4;0;0;3;0;0;0;0;0;0;3;10;0;35;97;10;3;0
201612;9051702;9;5;17;2;2;463;227;236;14;3;3;3;3;3;0;3;3;4;6;6;12;26;34;21;58;47;71;38;39;25;20;3;6;3;3;6;0;0;0;0;14;12;19;6;38;308;48;18;0
201612;9051801;9;5;18;1;2;525;296;229;12;3;9;25;3;3;0;3;16;3;3;27;33;43;31;40;62;50;45;27;32;25;9;0;3;6;9;3;0;0;0;0;12;40;28;27;76;287;34;21;0
201612;9051901;9;5;19;1;2;567;308;259;9;6;6;6;3;3;0;7;7;4;0;27;18;41;28;54;95;64;40;49;31;21;15;3;6;6;6;9;3;0;0;0;9;21;21;27;59;361;39;27;3
201612;9052001;9;5;20;1;2;403;216;187;6;0;3;7;3;0;3;6;0;13;7;20;24;31;18;17;44;55;46;41;25;6;9;6;0;0;7;3;0;3;0;0;6;13;29;20;55;246;21;10;3
201612;10010101;10;1;1;1;2;703;320;383;18;15;9;23;3;6;11;13;16;13;9;12;9;43;25;53;108;60;70;71;50;15;9;7;6;13;9;7;0;0;0;0;18;50;68;12;52;437;31;35;0
201612;10010102;10;1;1;2;2;1594;740;854;7;28;26;42;19;15;22;34;28;30;9;37;52;98;45;92;162;185;205;140;110;93;48;18;12;15;7;9;6;0;0;0;7;115;138;37;150;939;159;43;6
201612;10010203;10;1;2;3;2;922;622;300;12;18;13;27;21;19;11;35;26;18;15;30;85;138;65;66;106;64;59;39;27;15;3;3;0;0;3;4;0;0;0;0;12;79;124;30;223;426;21;7;0
201612;10010204;10;1;2;4;2;884;460;424;18;6;9;37;21;15;12;21;13;18;0;25;29;61;27;92;107;110;73;76;50;33;3;7;4;3;5;6;0;0;3;0;18;73;79;25;90;535;43;18;3
201612;10010205;10;1;2;5;2;728;450;278;0;13;11;9;12;6;15;19;3;7;12;12;56;85;34;74;111;64;60;33;46;13;7;7;6;3;7;0;0;3;0;0;0;45;62;12;141;422;27;16;3
201612;10010206;10;1;2;6;2;1854;1071;783;35;31;26;47;13;6;21;33;37;38;13;42;82;176;105;141;223;230;156;119;110;74;31;14;13;20;6;6;0;3;3;0;35;117;148;42;258;1084;119;45;6
201612;10010207;10;1;2;7;2;1003;509;494;15;10;16;16;6;9;12;12;9;16;9;36;32;65;49;58;114;112;96;94;93;46;33;17;6;7;6;3;0;3;3;0;15;48;67;36;97;616;96;22;6
201612;10010308;10;1;3;8;2;497;304;193;9;6;9;4;3;4;3;15;7;9;3;18;13;53;29;49;62;39;44;39;31;26;16;0;0;0;3;3;0;0;0;0;9;22;41;18;66;293;42;6;0
201612;10010309;10;1;3;9;2;1089;538;551;0;13;4;15;3;9;9;11;17;18;9;40;41;68;43;80;121;124;146;122;77;56;20;4;7;9;7;10;0;0;6;0;0;35;73;40;109;713;80;33;6
201612;10010310;10;1;3;10;2;1316;629;687;9;9;35;35;12;19;16;25;28;21;15;28;46;74;68;89;150;151;138;111;84;88;33;10;7;9;0;3;3;0;0;0;9;91;124;28;120;791;131;19;3
201612;10010311;10;1;3;11;2;87;46;41;0;0;0;0;0;3;0;0;3;0;0;0;0;0;6;0;12;10;12;7;4;9;6;0;3;6;0;6;0;0;0;0;0;0;6;0;0;51;15;15;0
201612;10020412;10;2;4;12;2;863;395;468;19;28;25;27;13;15;7;29;21;10;3;31;18;62;37;57;140;78;78;53;37;36;13;7;6;3;0;3;3;4;0;0;19;93;85;31;80;480;56;12;7
201612;10020413;10;2;4;13;2;1510;814;696;30;40;30;51;15;18;25;38;28;43;13;54;78;113;99;158;161;144;123;74;75;54;19;9;6;3;6;3;0;0;0;0;30;136;165;54;191;834;82;18;0
201612;10020414;10;2;4;14;2;205;93;112;4;3;0;0;3;3;3;0;10;13;0;0;3;9;9;15;16;25;29;28;10;9;3;4;3;3;0;0;0;0;0;0;4;6;29;0;12;132;16;6;0
201612;10020415;10;2;4;15;2;935;486;449;16;20;28;46;12;14;13;28;20;9;9;34;28;76;65;80;123;101;62;57;45;18;9;3;0;3;7;3;6;0;0;0;16;106;93;34;104;533;30;13;6
201612;10020416;10;2;4;16;2;841;486;355;6;6;13;18;9;6;12;15;19;9;13;26;30;68;49;79;109;113;72;65;31;27;21;6;7;3;6;3;0;0;0;0;6;46;74;26;98;518;54;19;0
201612;10020517;10;2;5;17;2;347;177;170;7;13;3;12;0;0;7;3;3;10;3;0;4;38;6;31;43;26;27;48;6;22;16;6;3;4;0;3;0;0;3;0;7;28;26;0;42;187;44;10;3
201612;10020518;10;2;5;18;2;443;207;236;3;12;18;6;9;9;3;9;20;9;0;19;22;40;19;24;42;55;36;29;25;24;10;0;0;0;0;0;0;0;0;0;3;45;50;19;62;230;34;0;0
201612;10020519;10;2;5;19;2;1267;717;550;26;28;15;34;36;27;27;45;32;31;13;36;66;137;81;121;128;137;88;73;41;18;16;3;0;8;0;0;0;0;0;0;26;113;175;36;203;669;37;8;0
201612;10020620;10;2;6;20;2;185;97;88;3;0;3;3;3;0;0;0;0;3;0;6;0;3;12;19;42;21;18;10;15;12;6;3;0;3;0;0;0;0;0;0;3;9;3;6;3;137;21;3;0
201612;10020621;10;2;6;21;2;448;210;238;9;9;6;13;8;3;3;9;13;7;0;17;15;39;15;23;49;47;46;42;29;18;3;6;9;7;3;0;0;0;0;0;9;36;35;17;54;251;27;19;0
201612;10020622;10;2;6;22;2;425;203;222;6;0;12;11;0;3;9;16;16;3;9;6;12;15;28;35;52;48;57;19;30;15;8;6;3;0;0;6;0;0;0;0;6;23;56;6;27;269;29;9;0
201612;10020623;10;2;6;23;2;234;116;118;0;3;0;6;0;7;3;3;3;0;3;3;6;13;6;6;31;28;28;24;16;16;10;3;7;6;3;0;0;0;0;0;0;9;19;3;19;139;29;16;0
201612;10030724;10;3;7;24;2;784;413;371;0;3;0;6;0;3;0;3;6;3;0;0;60;281;103;116;73;31;31;16;15;16;6;3;3;3;0;3;0;0;0;0;0;9;15;0;341;385;25;9;0
201612;10030725;10;3;7;25;2;768;424;344;29;27;12;19;13;9;15;18;17;19;6;41;59;63;32;43;68;68;52;31;40;42;18;3;0;0;9;9;3;0;3;0;29;71;84;41;122;334;63;18;6
201612;10030726;10;3;7;26;2;124;61;63;3;0;0;3;6;0;0;6;3;0;3;3;0;6;0;10;18;13;12;26;0;6;0;3;0;3;0;0;0;0;0;0;3;9;12;3;6;79;9;3;0
201612;10030727;10;3;7;27;2;289;167;122;0;0;0;3;3;0;0;0;0;0;0;0;18;15;23;16;35;35;37;45;27;22;0;0;0;0;4;0;6;0;0;0;0;6;0;0;33;218;22;4;6
201612;10040828;10;4;8;28;2;240;117;123;0;0;0;3;0;3;3;10;0;4;0;0;15;9;6;24;35;31;28;21;9;21;6;3;0;3;3;3;0;0;0;0;0;3;20;0;24;154;30;9;0
201612;10040829;10;4;8;29;2;189;125;64;0;3;3;0;6;3;0;0;3;0;0;0;12;29;15;19;19;10;15;22;12;6;3;3;0;0;3;3;0;0;0;0;0;12;6;0;41;112;12;6;0
201612;10040830;10;4;8;30;2;152;81;71;4;0;0;0;6;0;0;0;0;0;0;3;0;12;9;6;13;23;22;10;19;3;9;0;3;6;0;4;0;0;0;0;4;6;0;3;12;102;12;13;0
201612;10040931;10;4;9;31;2;230;112;118;0;0;0;3;0;0;0;0;7;0;4;9;6;21;9;13;19;35;28;21;21;13;9;3;0;3;3;0;3;0;0;0;0;3;11;9;27;146;25;6;3
201612;10040932;10;4;9;32;2;168;93;75;0;3;0;0;0;0;3;0;0;0;0;0;9;10;0;9;25;21;35;18;25;3;4;0;3;0;0;0;0;0;0;0;0;3;3;0;19;133;7;3;0
201612;10040933;10;4;9;33;2;351;183;168;5;3;3;6;10;4;0;0;3;7;3;15;13;26;27;17;52;36;43;27;13;15;3;3;0;10;0;0;4;3;0;0;5;22;17;15;39;215;21;10;7
201612;11010101;11;1;1;1;2;33;27;6;0;0;0;3;0;0;0;0;0;0;0;0;0;3;3;3;6;6;0;3;6;0;0;0;0;0;0;0;0;0;0;0;0;3;0;0;3;27;0;0;0
201612;11010102;11;1;1;2;2;45;27;18;0;0;0;0;0;0;0;0;0;0;0;0;0;3;0;7;10;6;3;10;3;3;0;0;0;0;0;0;0;0;0;0;0;0;0;0;3;39;3;0;0
201612;11010103;11;1;1;3;2;328;219;109;7;11;8;6;0;6;4;15;7;7;6;6;24;30;22;39;52;21;21;13;6;11;0;0;3;3;0;0;0;0;0;0;7;25;45;6;54;174;11;6;0
201612;11010204;11;1;2;4;2;1270;632;638;27;19;22;34;22;20;31;31;25;28;16;28;42;111;31;86;155;124;119;100;84;50;32;9;0;9;9;3;3;0;0;0;27;97;151;28;153;699;91;21;3
201612;11010205;11;1;2;5;2;810;419;391;18;4;6;18;3;3;15;19;22;3;9;21;18;41;49;53;82;102;85;66;59;63;32;16;0;3;0;0;0;0;0;0;18;31;71;21;59;496;111;3;0
201612;11010206;11;1;2;6;2;636;331;305;3;12;15;12;9;0;6;15;3;9;3;13;31;55;47;55;59;70;48;46;54;28;21;3;7;0;6;6;0;0;0;0;3;48;36;13;86;379;52;19;0
201612;11010207;11;1;2;7;2;678;342;336;12;25;6;22;6;13;6;17;12;15;6;12;28;44;21;57;97;67;59;53;34;36;7;0;0;11;6;3;0;3;0;0;12;59;69;12;72;388;43;20;3
201612;11010308;11;1;3;8;2;1595;803;792;35;24;32;52;23;27;30;34;35;19;12;46;66;97;73;110;201;154;143;120;112;79;34;12;9;10;3;3;0;0;0;0;35;131;157;46;163;913;125;25;0
201612;11010309;11;1;3;9;2;1294;687;607;18;8;21;38;22;23;16;20;19;25;9;59;48;108;60;94;162;92;126;116;70;69;23;19;6;6;7;0;10;0;0;0;18;89;112;59;156;720;111;19;10
201612;11010310;11;1;3;10;2;263;130;133;3;6;0;3;0;0;0;6;0;0;6;6;12;23;16;17;28;32;22;27;12;16;6;6;0;3;6;4;3;0;0;0;3;9;12;6;35;154;28;13;3
201612;11020411;11;2;4;11;2;1511;821;690;44;33;28;53;27;23;29;46;48;31;10;26;59;164;81;131;191;164;112;67;55;47;3;9;3;12;3;3;6;3;0;0;44;141;187;26;223;801;59;21;9
201612;11020412;11;2;4;12;2;625;400;225;0;0;3;12;7;6;6;13;6;9;6;29;42;56;39;35;66;67;60;57;46;30;18;3;3;0;0;3;3;0;0;0;0;22;46;29;98;370;51;6;3
201612;11020513;11;2;5;13;2;625;329;296;21;12;21;28;9;21;16;30;22;18;6;31;33;49;25;50;72;49;45;18;21;10;3;3;0;0;3;3;0;3;3;0;21;70;113;31;82;280;16;6;6
201612;11020514;11;2;5;14;2;1246;683;563;24;22;26;45;22;21;22;39;30;31;19;54;61;98;75;102;173;107;101;72;40;33;10;4;3;3;9;0;0;0;0;0;24;115;162;54;159;670;47;15;0
201612;11020515;11;2;5;15;2;1782;877;905;15;30;14;61;12;15;26;26;45;36;18;46;88;131;72;136;207;185;171;149;120;87;31;16;9;16;10;7;0;3;0;0;15;117;166;46;219;1040;134;42;3
201612;11020516;11;2;5;16;2;156;82;74;3;0;0;3;0;4;3;0;0;6;3;9;0;9;9;10;19;12;15;9;18;4;14;3;0;3;0;0;0;0;0;0;3;3;16;9;9;92;21;3;0
201612;11030617;11;3;6;17;2;1054;503;551;12;12;6;32;10;9;15;26;19;24;12;36;44;70;65;100;140;100;101;85;54;30;22;0;3;0;17;4;3;3;0;0;12;60;105;36;114;645;52;24;6
201612;11030618;11;3;6;18;2;2060;1058;1002;7;22;22;42;12;25;6;21;35;15;26;53;71;200;165;212;308;210;175;139;123;73;25;18;12;12;13;15;0;0;3;0;7;98;128;53;271;1332;116;52;3
201612;11030619;11;3;6;19;2;1670;850;820;28;22;13;41;17;10;12;20;7;22;16;32;55;140;96;185;241;178;137;147;92;90;27;12;0;14;13;0;0;3;0;0;28;93;87;32;195;1076;129;27;3
201612;11030720;11;3;7;20;2;3427;2376;1051;41;40;42;62;23;36;33;37;47;34;10;43;207;520;287;346;449;331;233;215;164;120;45;19;12;15;9;3;0;4;0;0;41;167;197;43;727;2025;184;39;4
201612;11030721;11;3;7;21;2;4988;2886;2102;78;78;60;131;79;52;39;97;99;74;46;179;249;529;311;460;678;516;364;292;203;194;71;26;26;9;30;9;9;0;0;0;78;348;407;179;778;2824;291;74;9
201612;11030824;11;3;8;24;2;1857;981;876;13;20;18;28;9;9;18;21;6;21;7;39;71;285;156;234;225;166;137;99;112;70;21;16;16;14;6;11;6;3;0;0;13;75;82;39;356;1129;107;47;9
201612;11040925;11;4;9;25;2;469;231;238;0;9;0;0;0;0;3;10;3;0;3;3;6;38;28;42;97;71;49;38;34;9;6;9;8;0;0;3;0;0;0;0;0;9;19;3;44;359;24;11;0
201612;11040926;11;4;9;26;2;3319;1827;1492;40;22;31;45;25;25;21;46;43;34;14;67;95;315;242;363;524;371;304;229;165;130;55;24;26;25;16;6;16;0;0;0;40;123;183;67;410;2198;209;73;16
201612;11041022;11;4;10;22;2;1156;668;488;9;19;19;34;13;3;10;13;31;18;6;16;64;129;101;119;139;119;71;75;57;46;18;9;0;3;9;3;3;0;0;0;9;85;81;16;193;681;73;15;3
201612;11041023;11;4;10;23;2;948;455;493;12;16;10;32;6;18;15;18;13;25;3;19;30;67;47;81;124;95;77;72;77;45;16;12;3;6;3;3;3;0;0;0;12;64;92;19;97;573;73;15;3
201612;11041027;11;4;10;27;2;631;353;278;13;9;13;29;12;15;9;27;16;3;6;26;22;63;32;43;69;58;49;33;21;32;11;10;4;3;0;0;3;0;0;0;13;63;76;26;85;305;53;7;3
201612;11041128;11;4;11;28;2;2930;1408;1522;26;37;37;39;28;28;21;26;37;49;21;82;112;355;230;307;380;259;241;186;150;129;50;21;9;25;27;6;6;3;3;0;26;141;182;82;467;1753;200;67;12
201612;11051229;11;5;12;29;2;237;138;99;0;3;0;3;3;0;0;0;0;0;3;17;6;11;10;10;40;45;22;22;18;15;3;0;0;0;6;0;0;0;0;0;0;9;3;17;17;167;18;6;0
201612;11051330;11;5;13;30;2;1110;662;448;6;3;10;12;0;4;0;9;6;0;0;9;55;276;145;167;162;87;58;34;24;9;13;0;3;3;9;3;3;0;0;0;6;25;19;9;331;677;22;18;3
201612;11051331;11;5;13;31;2;1494;909;585;25;23;23;36;17;24;12;49;40;47;18;58;148;174;65;140;147;128;131;57;53;45;0;6;3;13;3;3;6;0;0;0;25;99;190;58;322;721;51;22;6
201612;11051332;11;5;13;32;2;308;158;150;0;0;3;0;6;0;0;6;6;3;0;3;12;21;18;20;48;43;27;49;15;6;13;3;0;0;6;0;0;0;0;0;0;9;15;3;33;220;22;6;0
201612;12103115;12;10;31;15;2;1661;866;795;18;9;12;21;13;19;4;12;22;20;15;39;49;114;81;95;192;192;193;148;108;77;42;18;27;32;37;34;9;9;0;0;18;55;92;39;163;1009;137;130;18
201612;12103116;12;10;31;16;2;2359;1220;1139;28;31;15;40;13;18;13;47;25;31;13;60;77;168;104;225;267;249;250;175;180;114;54;23;31;37;49;13;9;0;0;0;28;99;147;60;245;1450;191;130;9
201612;12103117;12;10;31;17;2;3203;1736;1467;25;20;39;48;28;24;34;48;54;42;28;97;113;238;162;237;381;331;301;214;209;150;106;56;37;62;53;45;18;3;0;0;25;135;230;97;351;1835;312;197;21
201612;12103218;12;10;32;18;2;2938;1524;1414;18;17;18;46;15;10;25;31;36;38;22;53;155;275;156;231;340;292;251;251;195;139;62;38;39;53;68;28;27;0;9;0;18;96;162;53;430;1716;239;188;36
201612;12103219;12;10;32;19;2;1940;1003;937;12;19;23;33;15;15;10;34;19;21;6;26;68;147;88;140;252;192;189;163;141;101;41;30;20;37;41;51;3;0;3;0;12;90;105;26;215;1165;172;149;6
201612;12103220;12;10;32;20;2;572;283;289;3;6;4;9;9;0;3;10;15;0;0;13;12;34;13;34;54;72;58;53;44;22;24;9;13;24;13;6;12;3;0;0;3;28;28;13;46;328;55;56;15
201612;12214125;12;21;41;25;2;1023;665;358;12;6;9;4;10;3;6;10;15;12;3;19;24;62;42;72;121;137;117;84;88;40;28;3;22;24;28;16;3;3;0;0;12;29;49;19;86;661;71;90;6
201612;12214126;12;21;41;26;2;1157;564;593;6;4;7;21;3;8;4;19;11;16;3;27;41;78;47;75;97;132;149;106;69;60;45;18;27;32;26;14;9;3;0;0;6;35;61;27;119;675;123;99;12
201612;12214421;12;21;44;21;2;468;234;234;3;4;3;15;3;6;0;9;6;7;0;7;9;34;25;37;37;59;59;55;28;12;11;3;12;9;6;0;6;3;0;0;3;25;28;7;43;300;26;27;9
201612;12214422;12;21;44;22;2;2404;1274;1130;12;33;36;42;21;28;27;56;60;43;19;81;105;170;103;148;258;241;209;195;151;130;51;12;31;42;42;40;12;3;0;3;12;132;233;81;275;1305;193;155;18
201612;12214423;12;21;44;23;2;934;478;456;6;9;9;12;6;6;4;7;9;9;13;24;21;54;36;52;119;112;89;79;81;57;30;18;15;15;24;9;9;0;0;0;6;36;48;24;75;568;105;63;9
201612;12214424;12;21;44;24;2;3075;1665;1410;35;33;24;53;32;36;35;47;64;49;19;74;113;235;138;232;334;297;289;259;227;145;58;30;51;44;61;44;10;3;0;4;35;142;250;74;348;1776;233;200;17
201612;12214527;12;21;45;27;2;1087;553;534;10;11;7;9;9;0;3;10;7;9;3;15;27;66;34;66;111;130;86;121;74;69;30;15;22;27;45;37;18;16;0;0;10;36;32;15;93;622;114;131;34
201612;12214528;12;21;45;28;2;41;22;19;0;0;0;0;0;0;0;0;0;0;0;9;10;0;9;0;0;0;0;6;0;0;0;0;0;0;7;0;0;0;0;0;0;0;0;9;10;15;0;7;0
201612;12224229;12;22;42;29;2;336;170;166;3;0;0;3;0;3;4;3;6;3;0;60;9;13;11;21;27;19;33;35;13;12;15;7;0;11;12;10;0;3;0;0;3;3;19;60;22;159;34;33;3
201612;12224230;12;22;42;30;2;937;452;485;9;3;0;19;9;11;6;9;6;19;13;25;48;51;40;47;77;73;78;83;72;59;24;25;25;24;27;34;15;6;0;0;9;31;64;25;99;470;108;110;21
201612;12231101;12;23;11;1;2;923;487;436;3;7;3;13;6;3;10;6;13;15;5;40;32;59;27;48;100;56;89;84;84;46;24;15;26;31;47;9;3;9;7;3;3;29;52;40;91;488;85;113;22
201612;12231102;12;23;11;2;2;791;336;455;9;7;3;3;3;3;10;10;3;13;6;9;29;40;24;29;70;51;83;71;64;55;37;13;21;24;54;21;14;9;3;0;9;16;45;9;69;392;105;120;26
201612;12301203;12;30;12;3;2;2839;1504;1335;56;48;51;98;41;41;52;84;72;63;40;90;121;183;118;189;291;267;203;216;153;119;38;21;34;35;70;27;6;9;0;3;56;238;352;90;304;1437;178;166;18
201612;12301204;12;30;12;4;2;1009;599;410;0;10;27;25;22;9;11;26;19;24;18;40;95;86;46;57;96;77;70;75;50;32;31;9;3;13;9;15;11;3;0;0;0;84;107;40;181;471;72;40;14
201612;12301205;12;30;12;5;2;383;215;168;4;6;3;0;0;3;3;3;0;3;3;6;21;40;21;32;19;33;51;33;28;24;4;6;3;6;12;9;3;0;4;0;4;9;15;6;61;217;34;30;7
201612;12301206;12;30;12;6;2;260;130;130;0;0;3;0;3;0;3;3;3;3;3;3;11;3;3;15;18;18;41;22;30;12;16;9;3;14;9;12;0;0;0;0;0;6;15;3;14;147;37;38;0
201612;12302107;12;30;21;7;2;482;241;241;3;6;0;7;7;3;3;9;9;0;0;9;12;36;20;37;22;58;40;45;58;29;19;3;6;6;16;16;3;0;0;0;3;20;24;9;48;280;51;44;3
201612;12302108;12;30;21;8;2;2779;1381;1398;24;30;31;72;32;36;28;72;59;71;27;99;93;175;118;179;281;324;277;261;167;106;52;20;33;41;32;21;6;9;0;3;24;165;293;99;268;1607;178;127;18
201612;12302109;12;30;21;9;2;2902;1384;1518;36;33;33;71;31;34;41;80;66;58;33;110;119;161;111;181;316;333;284;250;170;122;41;40;27;27;37;34;20;3;0;0;36;168;312;110;280;1645;203;125;23
201612;12302110;12;30;21;10;2;2756;1403;1353;19;49;31;88;36;42;43;84;73;67;33;113;130;152;88;153;258;284;276;249;165;101;45;30;38;31;32;27;13;6;0;0;19;204;342;113;282;1473;176;128;19
201612;12302211;12;30;22;11;2;347;183;164;0;3;0;3;3;0;0;0;0;3;0;6;6;24;15;26;29;24;34;45;39;21;13;0;9;15;20;6;3;0;0;0;0;9;3;6;30;212;34;50;3
201612;12302212;12;30;22;12;2;1561;807;754;15;34;18;49;30;25;37;55;59;38;28;68;68;96;40;95;152;176;127;126;90;49;20;13;13;15;12;6;7;0;0;0;15;131;242;68;164;806;82;46;7
201612;12304313;12;30;43;13;2;796;398;398;9;3;9;9;6;6;7;19;10;13;6;22;25;47;28;47;92;91;69;55;70;48;22;10;9;9;16;12;19;4;0;4;9;27;61;22;72;452;80;46;27
201612;12304314;12;30;43;14;2;563;268;295;6;3;4;0;0;3;3;6;10;6;0;13;9;28;19;33;72;58;54;49;42;30;15;25;9;18;25;16;3;4;0;0;6;7;28;13;37;327;70;68;7
