ZEIT;RAUMID;BEZ;PGR;BZR;PLR;STADTRAUM;MH_E;MH_EM;MH_EW;MH_E00_01;MH_E01_02;MH_E02_03;MH_E03_05;MH_E05_06;MH_E06_07;MH_E07_08;MH_E08_10;MH_E10_12;MH_E12_14;MH_E14_15;MH_E15_18;MH_E18_21;MH_E21_25;MH_E25_27;MH_E27_30;MH_E30_35;MH_E35_40;MH_E40_45;MH_E45_50;MH_E50_55;MH_E55_60;MH_E60_63;MH_E63_65;MH_E65_67;MH_E67_70;MH_E70_75;MH_E75_80;MH_E80_85;MH_E85_90;MH_E90_95;MH_E95_110;MH_U1;MH_1U6;MH_6U15;MH_15U18;MH_18U25;MH_25U55;MH_55U65;MH_65U80;MH_80U110
200712;01011101;01;01;11;01;1;1613;920;693;12;12;6;19;7;0;6;19;6;12;12;28;61;176;110;182;206;123;116;114;91;107;53;18;30;13;32;27;6;6;3;0;12;44;55;28;237;942;178;102;15
200712;01011102;01;01;11;02;1;44;31;13;0;0;0;0;0;0;0;0;0;0;3;0;0;7;0;3;3;3;12;6;0;0;3;0;4;0;0;0;0;0;0;0;0;0;3;0;7;27;3;4;0
200712;01011103;01;01;11;03;1;2365;1242;1123;12;21;22;45;40;31;32;62;56;46;27;71;79;135;85;141;219;190;187;196;189;143;72;28;33;50;75;33;21;18;0;6;12;128;254;71;214;1207;243;191;45
200712;01011104;01;01;11;04;1;2500;1302;1198;46;23;44;87;21;44;38;57;62;54;24;109;116;229;136;172;230;224;205;153;99;89;68;38;16;27;39;25;15;6;0;4;46;175;279;109;345;1219;195;107;25
200712;01011105;01;01;11;05;1;427;237;190;6;4;0;7;4;0;6;9;3;6;4;22;9;30;19;37;36;39;40;40;31;34;12;7;3;0;10;3;3;3;0;0;6;15;28;22;39;242;53;16;6
200712;01011201;01;01;12;01;1;920;512;408;3;13;9;31;6;27;14;0;23;27;9;22;21;46;18;62;83;84;75;55;92;62;43;12;10;20;27;13;10;0;0;3;3;59;100;22;67;469;117;70;13
200712;01011202;01;01;12;02;1;128;63;65;5;3;0;0;0;6;3;6;3;0;0;3;0;0;0;15;28;9;9;12;7;4;12;0;0;0;0;3;0;0;0;0;5;3;18;3;0;80;16;3;0
200712;01011203;01;01;12;03;1;458;243;215;0;0;3;3;3;3;10;16;6;3;3;18;15;27;22;16;39;33;53;42;34;42;19;6;6;18;9;6;3;0;0;0;0;9;41;18;42;239;67;39;3
200712;01011204;01;01;12;04;1;1709;862;847;17;16;21;35;15;21;13;31;12;31;15;28;52;100;85;108;159;195;107;136;140;100;88;31;37;41;31;24;13;7;0;0;17;87;123;28;152;930;219;133;20
200712;01011301;01;01;13;01;1;1194;628;566;29;18;9;15;16;6;6;22;16;6;7;21;20;79;68;127;184;161;119;79;63;48;21;9;9;9;12;6;6;3;0;0;29;58;63;21;99;801;78;36;9
200712;01011302;01;01;13;02;1;3068;1500;1568;54;40;54;106;33;25;57;38;58;31;33;64;66;244;180;310;485;394;300;174;129;70;40;12;9;20;18;18;3;3;0;0;54;233;242;64;310;1972;122;65;6
200712;01011303;01;01;13;03;1;2016;992;1024;28;33;27;57;20;30;18;38;29;27;15;55;34;171;114;178;278;247;184;113;95;74;30;22;6;23;33;19;18;0;0;0;28;137;157;55;205;1209;126;81;18
200712;01011304;01;01;13;04;1;1777;865;912;27;39;32;60;18;22;33;53;45;56;18;75;53;155;54;95;134;164;153;117;92;60;25;24;32;28;36;34;34;9;0;0;27;149;227;75;208;809;109;130;43
200712;01011305;01;01;13;05;1;1373;750;623;30;16;17;36;3;18;9;46;34;26;3;54;28;91;57;116;156;137;88;111;77;49;41;9;15;31;45;21;3;6;0;0;30;72;136;54;119;742;99;112;9
200712;01011306;01;01;13;06;1;1867;1021;846;22;38;42;59;21;24;19;44;16;29;12;63;84;163;99;148;240;211;153;104;83;60;21;22;15;33;30;0;12;0;0;0;22;160;144;63;247;1038;103;78;12
200712;01011401;01;01;14;01;1;3159;1603;1556;71;34;50;85;21;36;43;59;37;49;13;45;88;298;173;339;554;427;284;181;95;46;30;24;12;15;28;16;3;0;3;0;71;190;237;45;386;2053;100;71;6
200712;01011402;01;01;14;02;1;2381;1210;1171;42;45;48;63;36;15;18;21;16;18;6;21;46;181;205;314;474;383;188;91;48;40;24;17;0;6;9;0;0;3;3;0;42;192;94;21;227;1703;81;15;6
200712;01022101;01;02;21;01;1;1305;736;569;17;16;15;37;12;12;13;38;26;18;16;52;65;101;52;119;117;121;107;89;77;86;24;7;16;15;16;14;3;4;0;0;17;80;123;52;166;682;117;61;7
200712;01022102;01;02;21;02;1;3067;1692;1375;43;35;65;71;52;31;49;81;67;71;25;101;96;212;139;229;342;280;243;200;161;162;113;43;28;40;54;19;6;9;0;0;43;223;324;101;308;1594;318;141;15
200712;01022103;01;02;21;03;1;86;59;27;3;3;0;6;0;0;0;3;0;0;0;0;0;6;6;12;19;3;6;13;0;0;3;0;0;0;3;0;0;0;0;0;3;9;3;0;6;59;3;3;0
200712;01022104;01;02;21;04;1;7452;3901;3551;120;98;86;208;82;107;63;185;171;147;73;269;255;522;277;494;750;681;622;543;423;434;224;112;91;122;173;65;30;13;6;6;120;474;746;269;777;3790;770;451;55
200712;01022105;01;02;21;05;1;2471;1347;1124;31;36;45;90;46;45;41;87;79;71;35;95;105;114;91;171;235;239;181;161;126;127;62;22;31;36;34;26;3;3;3;0;31;217;358;95;219;1204;211;127;9
200712;01022106;01;02;21;06;1;3284;1689;1595;46;36;49;105;52;37;46;91;82;69;28;105;82;221;115;158;341;299;275;272;233;193;98;46;48;46;48;24;21;18;0;0;46;242;353;105;303;1693;337;166;39
200712;01022201;01;02;22;01;1;4680;2512;2168;41;85;60;131;57;65;53;135;100;127;73;162;171;304;240;293;472;537;457;297;189;209;97;57;42;100;72;30;9;15;0;0;41;333;553;162;475;2485;363;244;24
200712;01022202;01;02;22;02;1;883;403;480;15;14;26;24;13;13;22;35;24;40;17;57;36;41;41;47;79;84;56;49;31;30;26;13;3;31;13;3;0;0;0;0;15;77;151;57;77;387;69;50;0
200712;01022203;01;02;22;03;1;3475;1754;1721;64;50;60;101;61;33;53;106;101;89;46;151;133;200;121;165;361;291;307;189;181;146;119;58;47;81;87;18;41;12;0;3;64;272;428;151;333;1615;323;233;56
200712;01022204;01;02;22;04;1;1866;977;889;22;22;24;51;21;9;18;43;51;51;15;73;62;108;65;117;204;188;173;155;97;115;47;18;25;19;52;12;6;0;0;3;22;118;187;73;170;999;180;108;9
200712;01022205;01;02;22;05;1;1566;779;787;18;23;32;48;18;20;29;71;35;47;21;89;55;64;45;67;128;106;121;91;98;83;59;21;25;39;39;27;22;16;6;3;18;121;223;89;119;656;163;130;47
200712;01022206;01;02;22;06;1;1066;573;493;21;24;12;22;18;6;26;18;27;27;21;34;40;49;40;73;135;98;101;80;72;41;15;6;6;18;18;9;0;6;3;0;21;76;125;34;89;599;62;51;9
200712;01022207;01;02;22;07;1;2518;1297;1221;24;12;15;27;29;12;15;43;28;24;21;57;79;436;220;310;370;151;115;137;107;72;43;27;28;9;49;30;22;6;0;0;24;83;143;57;515;1410;142;116;28
200712;01033101;01;03;31;01;1;12161;6482;5679;217;247;193;397;204;207;208;399;384;366;186;557;479;793;440;691;1124;1109;993;772;612;466;233;166;165;191;200;96;36;21;6;3;217;1041;1750;557;1272;5741;865;652;66
200712;01033102;01;03;31;02;1;6077;3206;2871;101;71;121;175;95;91;95;192;212;159;92;267;282;356;233;382;532;580;479;421;278;258;137;83;69;122;101;56;31;6;0;0;101;462;841;267;638;2905;478;348;37
200712;01033201;01;03;32;01;1;7838;3948;3890;169;165;136;352;156;145;130;309;274;233;141;434;381;346;220;414;695;610;597;485;396;316;136;90;94;145;127;67;44;18;10;3;169;809;1232;434;727;3417;542;433;75
200712;01033202;01;03;32;02;1;4576;2286;2290;80;83;83;132;79;78;84;133;148;109;66;239;212;212;144;285;471;416;391;262;172;214;109;52;55;88;83;43;38;6;3;6;80;377;618;239;424;2141;375;269;53
200712;01033203;01;03;32;03;1;7305;3934;3371;120;136;137;272;110;118;139;233;230;198;118;320;306;494;282;434;682;657;579;435;296;326;150;82;91;130;132;59;24;9;3;3;120;655;1036;320;800;3365;558;412;39
200712;01044101;01;04;41;01;1;6695;3597;3098;94;106;101;195;113;77;77;181;194;105;57;255;283;409;290;450;709;654;574;446;387;352;174;87;58;85;109;43;15;6;6;3;94;515;691;255;692;3510;613;295;30
200712;01044102;01;04;41;02;1;4047;2099;1948;46;65;79;108;29;48;43;64;85;107;31;134;129;259;154;220;412;351;367;258;251;267;158;91;68;82;82;39;17;0;0;3;46;281;378;134;388;2013;516;271;20
200712;01044103;01;04;41;03;1;3522;1917;1605;43;64;58;112;42;28;31;79;60;57;31;128;145;239;151;235;380;378;358;252;180;164;92;39;41;58;25;27;19;6;0;0;43;276;286;128;384;1934;295;151;25
200712;01044201;01;04;42;01;1;13535;7187;6348;230;256;234;463;222;257;211;445;451;375;208;620;560;899;473;746;1337;1244;1099;839;643;512;257;168;152;217;230;103;59;16;9;0;230;1175;1947;620;1459;6381;937;702;84
200712;01044202;01;04;42;02;1;8466;4629;3837;111;121;125;221;119;121;108;187;193;176;69;303;358;807;522;729;1022;767;664;479;364;305;175;79;64;97;90;49;19;19;0;3;111;586;854;303;1165;4547;559;300;41
200712;01044203;01;04;42;03;1;8309;4504;3805;114;123;110;279;107;109;105;227;204;238;79;296;327;543;349;493;844;793;707;502;412;392;256;123;129;159;151;65;33;22;12;6;114;619;962;296;870;4100;771;504;73
200712;02010101;02;01;01;01;1;4387;2241;2146;48;82;69;136;62;54;93;132;168;104;79;225;199;339;201;278;410;436;351;266;214;141;86;26;23;48;57;18;12;18;6;6;48;349;630;225;538;2156;253;146;42
200712;02010102;02;01;01;02;1;8270;4141;4129;147;161;163;323;186;158;170;312;263;295;117;427;318;411;213;399;754;768;708;497;357;312;162;80;107;136;142;90;67;21;6;0;147;833;1315;427;729;3696;554;475;94
200712;02010103;02;01;01;03;1;8761;4509;4252;154;190;151;282;154;134;160;289;308;253;124;393;340;440;301;490;882;840;761;463;402;375;200;117;104;189;145;67;33;14;3;3;154;777;1268;393;780;4139;692;505;53
200712;02010104;02;01;01;04;1;3221;1674;1547;61;49;46;101;57;77;66;119;134;121;62;161;160;181;82;141;236;302;273;211;137;124;73;40;29;43;72;27;15;10;8;3;61;253;579;161;341;1382;237;171;36
200712;02020201;02;02;02;01;1;129;67;62;4;0;3;9;0;0;3;0;3;3;0;0;12;12;3;9;15;13;9;6;3;7;6;3;0;3;3;0;0;0;0;0;4;12;9;0;24;58;16;6;0
200712;02020202;02;02;02;02;1;2246;1160;1086;20;33;31;39;37;22;21;55;58;59;26;102;105;139;79;136;245;225;186;153;99;135;64;30;27;46;32;21;18;0;3;0;20;140;241;102;244;1123;229;126;21
200712;02020203;02;02;02;03;1;3465;1834;1631;47;46;55;94;43;55;40;70;59;84;33;111;82;164;173;232;420;393;286;292;208;158;87;37;46;50;64;27;6;3;0;0;47;238;341;111;246;2004;282;187;9
200712;02020204;02;02;02;04;1;4509;2396;2113;43;25;44;81;58;47;44;96;113;102;59;111;125;316;209;344;531;425;428;363;209;249;137;61;42;76;79;43;19;18;9;3;43;208;461;111;441;2509;447;240;49
200712;02020205;02;02;02;05;1;5671;3026;2645;67;54;74;168;86;75;85;169;128;135;75;235;150;250;186;350;612;610;525;390;334;264;153;103;83;97;124;55;16;15;0;3;67;382;667;235;400;3007;520;359;34
200712;02020206;02;02;02;06;1;8048;4222;3826;130;116;117;258;94;100;98;272;217;191;69;293;281;468;354;568;832;795;770;505;439;316;177;84;112;132;165;53;21;18;3;0;130;585;947;293;749;4263;577;462;42
200712;02030301;02;03;03;01;1;6066;3083;2983;82;78;80;183;68;62;91;183;190;145;83;279;277;370;217;342;545;529;565;369;263;276;191;105;104;155;124;68;27;12;0;3;82;409;754;279;647;2830;572;451;42
200712;02030302;02;03;03;02;1;7001;3723;3278;114;124;80;207;77;89;93;213;217;216;87;250;281;416;270;420;757;645;640;416;282;262;204;116;104;148;177;63;27;3;3;0;114;488;915;250;697;3430;582;492;33
200712;02030401;02;03;04;01;1;6798;3602;3196;98;92;87;165;87;83;88;188;157;170;77;202;255;386;306;468;863;707;632;414;284;281;184;98;81;125;126;57;25;9;3;0;98;431;763;202;641;3674;563;389;37
200712;02030402;02;03;04;02;1;5475;2880;2595;65;54;61;136;53;54;79;135;139;114;55;190;200;330;206;400;671;513;477;342;254;273;138;95;112;119;122;58;15;12;3;0;65;304;576;190;530;2863;506;411;30
200712;02040501;02;04;05;01;1;948;464;484;12;27;27;40;24;21;13;12;28;21;25;55;15;28;21;53;86;86;67;56;46;24;25;9;21;24;26;31;12;13;0;0;12;118;120;55;43;415;58;102;25
200712;02040502;02;04;05;02;1;941;479;462;24;24;16;22;9;9;16;25;27;34;3;22;21;74;37;63;127;81;92;54;53;24;12;12;3;22;12;17;3;3;0;0;24;71;114;22;95;507;48;54;6
200712;02040503;02;04;05;03;1;1327;672;655;19;15;12;27;27;21;23;54;33;15;3;41;27;100;61;136;227;132;104;95;52;38;12;13;0;12;7;12;6;0;3;0;19;81;149;41;127;807;63;31;9
200712;02040701;02;04;07;01;1;2975;1536;1439;43;62;46;97;36;36;38;44;49;56;18;80;82;341;197;263;372;301;220;159;125;77;22;24;15;44;57;26;23;16;3;3;43;241;241;80;423;1637;123;142;45
200712;02040702;02;04;07;02;1;1536;841;695;33;22;18;43;10;16;6;19;27;12;22;18;18;138;105;179;237;161;146;75;58;52;18;18;16;33;11;19;3;3;0;0;33;93;102;18;156;961;88;79;6
200712;02040703;02;04;07;03;1;163;72;91;3;3;3;9;0;0;3;6;6;3;6;12;12;9;3;9;9;15;12;16;15;3;6;0;0;0;0;0;0;0;0;0;3;15;24;12;21;79;9;0;0
200712;02050601;02;05;06;01;1;1348;698;650;28;17;21;37;15;23;9;6;24;28;9;31;40;146;84;129;227;143;113;77;55;33;10;3;7;12;12;3;3;0;3;0;28;90;99;31;186;828;46;34;6
200712;02050602;02;05;06;02;1;3158;1673;1485;55;58;59;72;41;46;53;78;42;46;29;71;73;316;237;337;497;386;237;160;117;52;27;12;12;12;12;9;6;3;3;0;55;230;294;71;389;1971;91;45;12
200712;02050801;02;05;08;01;1;3333;1762;1571;47;56;52;75;64;42;37;69;64;50;19;76;96;346;275;371;533;364;236;190;139;60;15;9;9;15;11;10;0;0;3;0;47;247;281;76;442;2108;84;45;3
200712;02050802;02;05;08;02;1;3282;1830;1452;41;53;31;61;21;30;24;33;36;12;9;27;42;372;347;534;628;398;232;150;84;27;22;15;10;13;18;9;3;0;0;0;41;166;144;27;414;2373;64;50;3
200712;02050803;02;05;08;03;1;1031;601;430;19;15;19;24;9;6;15;21;12;22;9;28;42;98;68;112;153;113;94;43;44;31;9;6;6;3;10;0;0;0;0;0;19;67;85;28;140;627;46;19;0
200712;02050804;02;05;08;04;1;281;134;147;13;9;6;3;6;6;9;0;6;6;3;3;0;15;6;13;41;37;35;15;22;18;6;0;0;0;0;3;0;0;0;0;13;24;30;3;15;169;24;3;0
200712;03010101;03;01;01;01;2;198;114;84;4;0;6;6;0;0;3;7;6;6;3;0;10;6;0;9;18;18;21;33;18;12;0;0;3;3;6;0;0;0;0;0;4;12;25;0;16;117;12;12;0
200712;03010102;03;01;01;02;2;787;429;358;9;23;15;19;0;6;12;10;28;22;3;19;20;48;34;31;84;58;63;70;38;54;9;6;22;22;28;18;6;3;3;4;9;57;81;19;68;378;69;90;16
200712;03010104;03;01;01;04;2;15;12;3;0;0;0;3;0;0;0;0;0;0;0;0;0;0;0;0;3;3;0;3;3;0;0;0;0;0;0;0;0;0;0;0;0;3;0;0;0;12;0;0;0
200712;03020203;03;02;02;03;2;51;31;20;0;0;4;3;3;0;0;0;0;0;0;7;3;0;0;3;3;3;3;4;7;0;0;0;0;4;4;0;0;0;0;0;0;10;0;7;3;23;0;8;0
200712;03020209;03;02;02;09;2;1144;589;555;18;19;24;44;40;18;27;40;24;24;22;67;45;70;47;31;79;101;102;61;65;46;18;12;12;19;19;29;9;12;0;0;18;127;155;67;115;486;76;79;21
200712;03020210;03;02;02;10;2;646;320;326;6;18;9;30;10;9;22;34;25;24;6;28;0;15;19;44;47;85;50;55;42;16;6;12;6;6;6;10;6;0;0;0;6;67;120;28;15;342;34;28;6
200712;03020307;03;02;03;07;2;1538;806;732;15;33;25;40;35;33;48;74;64;70;25;61;39;67;45;56;124;131;112;124;84;67;33;9;9;35;44;6;9;18;3;0;15;133;314;61;106;676;109;94;30
200712;03030405;03;03;04;05;2;755;376;379;13;9;6;32;18;3;29;44;17;27;15;34;25;25;22;33;57;52;64;42;38;24;0;9;13;25;42;22;12;3;0;0;13;65;135;34;50;308;33;102;15
200712;03030406;03;03;04;06;2;480;261;219;0;6;3;13;10;3;9;6;28;6;3;21;18;15;6;20;33;36;43;49;41;34;6;21;22;10;15;0;3;0;0;0;0;32;55;21;33;228;61;47;3
200712;03030711;03;03;07;11;2;260;130;130;3;0;3;10;3;9;3;9;0;9;7;25;20;9;6;13;25;18;12;25;18;6;6;0;0;11;3;0;0;4;3;0;3;16;37;25;29;117;12;14;7
200712;03030715;03;03;07;15;2;352;174;178;0;9;4;18;6;6;9;9;23;9;3;10;16;9;21;12;15;43;15;40;18;12;7;10;7;3;6;6;3;3;0;0;0;37;59;10;25;164;29;22;6
200712;03030716;03;03;07;16;2;35;13;22;0;0;0;0;0;0;0;0;0;0;0;3;0;0;0;0;3;3;3;12;0;3;0;4;0;0;0;0;0;0;4;0;0;0;0;3;0;21;7;0;4
200712;03040508;03;04;05;08;2;671;325;346;4;12;0;18;18;12;23;27;33;42;6;36;32;25;9;22;50;55;67;66;36;21;16;13;4;6;6;3;6;3;0;0;4;48;143;36;57;305;50;19;9
200712;03040512;03;04;05;12;2;837;451;386;12;9;9;28;19;15;22;44;31;29;0;28;18;41;22;56;87;71;72;63;43;34;12;9;12;21;9;0;12;9;0;0;12;65;141;28;59;414;55;42;21
200712;03040513;03;04;05;13;2;337;149;188;10;12;7;12;13;7;6;18;3;15;6;13;7;32;3;0;21;27;24;37;22;21;6;6;3;3;0;0;0;3;0;0;10;44;55;13;39;134;33;6;3
200712;03040614;03;04;06;14;2;2599;1407;1192;53;46;43;92;52;35;42;74;66;63;19;31;62;108;79;135;323;325;243;177;140;75;38;47;31;58;52;37;31;16;3;3;53;233;299;31;170;1422;160;178;53
200712;03040818;03;04;08;18;2;2589;1328;1261;35;40;45;80;30;46;24;61;53;35;27;67;56;204;101;195;336;263;205;133;145;105;59;33;29;60;45;34;25;15;3;0;35;195;246;67;260;1378;197;168;43
200712;03050919;03;05;09;19;2;182;104;78;0;3;6;0;7;0;0;3;3;3;3;6;3;6;0;19;21;18;15;9;3;9;6;3;6;9;6;9;3;3;0;0;0;16;12;6;9;85;18;30;6
200712;03050920;03;05;09;20;2;406;197;209;6;0;3;10;3;12;15;12;3;16;6;9;12;26;13;12;40;44;36;36;6;34;12;13;3;0;3;12;3;6;0;0;6;16;64;9;38;187;59;18;9
200712;03050923;03;05;09;23;2;783;430;353;18;15;9;16;12;3;19;30;18;31;3;22;22;69;33;39;107;86;76;48;20;24;13;0;3;13;6;12;16;0;0;0;18;52;104;22;91;409;37;34;16
200712;03050924;03;05;09;24;2;561;304;257;6;6;9;15;3;6;9;13;12;6;9;13;12;65;25;44;45;61;48;52;32;31;9;6;0;6;3;6;6;0;3;0;6;33;55;13;77;307;46;15;9
200712;03050925;03;05;09;25;2;657;307;350;12;12;16;16;27;28;9;31;3;9;6;54;18;41;27;34;97;46;59;36;12;9;6;9;7;9;9;3;6;6;0;0;12;71;86;54;59;311;24;28;12
200712;03051017;03;05;10;17;2;508;307;201;3;0;6;10;3;0;0;12;9;12;6;21;3;25;12;26;62;79;65;59;30;24;3;6;6;3;0;6;10;7;0;0;3;19;39;21;28;333;33;15;17
200712;03051021;03;05;10;21;2;414;203;211;3;3;0;25;0;7;0;3;0;3;3;9;24;55;27;52;40;33;24;13;21;15;6;0;4;16;6;9;10;0;3;0;3;28;16;9;79;210;21;35;13
200712;03051022;03;05;10;22;2;192;106;86;0;0;3;6;7;9;0;6;0;0;10;3;6;6;3;10;12;28;16;21;3;6;0;7;9;6;3;6;3;0;3;0;0;16;25;3;12;93;13;24;6
200712;03061126;03;06;11;26;1;2353;1269;1084;45;43;28;58;28;33;27;16;42;30;4;28;40;216;175;313;411;310;174;104;81;45;29;18;9;9;18;7;3;3;6;0;45;157;152;28;256;1568;92;43;12
200712;03061131;03;06;11;31;1;2077;1110;967;37;36;18;37;12;3;12;31;16;12;6;19;30;171;169;277;431;302;197;98;52;39;16;13;12;9;9;0;9;4;0;0;37;103;80;19;201;1526;68;30;13
200712;03061227;03;06;12;27;1;2148;1148;1000;38;21;29;47;31;22;24;18;18;27;6;31;42;176;164;244;426;242;162;154;67;43;16;13;16;25;10;21;3;9;0;3;38;128;115;31;218;1459;72;72;15
200712;03061228;03;06;12;28;1;1329;702;627;26;24;30;33;9;12;3;30;15;25;6;30;21;96;111;126;222;134;108;69;54;30;19;6;9;18;22;15;16;6;4;0;26;96;91;30;117;824;55;64;26
200712;03061332;03;06;13;32;1;4395;2238;2157;67;58;81;151;43;52;37;42;58;22;24;53;36;361;247;557;940;713;405;169;104;64;31;7;15;15;31;6;6;0;0;0;67;333;235;53;397;3135;102;67;6
200712;03061429;03;06;14;29;1;642;303;339;6;12;12;22;13;7;3;15;19;15;3;30;28;40;25;37;52;52;35;45;25;15;28;34;9;20;12;19;3;6;0;0;6;59;62;30;68;271;77;60;9
200712;03061430;03;06;14;30;1;301;163;138;8;13;6;0;6;9;0;6;3;9;6;0;10;27;3;12;25;27;19;12;20;9;9;6;6;9;29;6;6;0;0;0;8;25;33;0;37;118;24;50;6
200712;03061434;03;06;14;34;1;690;365;325;13;15;18;12;3;6;10;12;12;0;3;0;16;42;49;97;113;98;53;36;24;18;3;6;10;9;3;3;3;3;0;0;13;48;43;0;58;470;27;25;6
200712;03061435;03;06;14;35;1;617;295;322;9;16;15;17;13;6;6;9;12;9;6;28;18;56;43;59;85;77;38;34;15;13;0;12;3;0;6;3;3;0;6;0;9;61;48;28;74;351;25;12;9
200712;03061441;03;06;14;41;1;63;30;33;0;0;6;3;0;0;3;3;3;3;0;0;0;3;0;3;6;6;6;6;0;3;0;0;0;3;3;0;3;0;0;0;0;9;12;0;3;27;3;6;3
200712;03071536;03;07;15;36;1;2520;1372;1148;65;46;51;68;19;34;16;34;36;33;9;18;21;174;157;318;494;400;242;121;52;34;22;9;11;9;9;12;3;0;3;0;65;184;162;18;195;1784;65;41;6
200712;03071537;03;07;15;37;1;3260;1688;1572;49;55;66;106;49;40;28;66;32;40;9;36;42;212;197;360;616;506;265;186;104;73;29;20;18;16;16;6;12;0;0;6;49;276;215;36;254;2234;122;56;18
200712;03071633;03;07;16;33;1;289;161;128;9;10;3;21;7;3;3;9;6;12;12;9;6;6;18;22;28;33;18;9;9;12;3;6;0;6;3;6;0;0;0;0;9;41;45;9;12;137;21;15;0
200712;03071638;03;07;16;38;1;3141;1571;1570;52;43;62;109;31;27;25;60;34;41;13;58;60;233;217;311;610;481;261;115;135;58;31;18;6;15;19;9;4;0;3;0;52;245;200;58;293;2130;107;49;7
200712;03071639;03;07;16;39;1;2238;1193;1045;40;46;67;92;18;30;9;40;38;33;12;26;52;141;115;197;372;300;211;130;95;40;30;18;18;21;28;13;3;3;0;0;40;223;162;26;193;1420;88;80;6
200712;04010101;04;01;01;01;2;2859;1471;1388;35;49;46;71;19;28;29;47;56;64;37;90;69;147;83;180;302;298;241;188;223;212;84;36;44;53;58;30;27;10;0;3;35;185;261;90;216;1515;332;185;40
200712;04010102;04;01;01;02;2;102;57;45;3;0;3;0;0;0;0;3;0;0;0;3;3;6;3;9;12;9;12;15;9;3;0;0;3;3;3;0;0;0;0;0;3;3;3;3;9;69;3;9;0
200712;04010103;04;01;01;03;2;2619;1273;1346;27;46;43;76;32;42;41;58;81;82;39;126;73;97;87;146;236;277;220;200;144;106;75;52;32;74;48;31;15;10;3;0;27;197;343;126;170;1310;233;185;28
200712;04020204;04;02;02;04;2;22;12;10;0;6;0;0;0;0;0;0;0;3;0;0;0;3;0;7;0;0;0;0;3;0;0;0;0;0;0;0;0;0;0;0;0;6;3;0;3;10;0;0;0
200712;04020205;04;02;02;05;2;232;123;109;3;0;0;6;7;6;0;3;9;9;0;9;3;9;3;16;24;38;29;27;12;6;3;7;0;0;0;3;0;0;0;0;3;13;27;9;12;149;16;3;0
200712;04020206;04;02;02;06;2;399;209;190;9;3;12;6;0;0;3;13;10;15;3;13;3;12;10;12;24;39;36;45;16;43;6;6;13;18;16;7;6;0;0;0;9;21;44;13;15;182;55;54;6
200712;04020207;04;02;02;07;2;518;259;259;6;10;9;10;3;9;3;22;27;22;3;24;0;18;20;33;31;34;54;46;33;28;12;9;0;16;18;3;3;6;6;0;6;32;86;24;18;251;49;37;15
200712;04020208;04;02;02;08;2;569;280;289;0;6;0;13;20;20;9;17;26;16;13;28;31;21;6;12;42;38;55;51;49;45;6;3;9;9;9;9;6;0;0;0;0;39;101;28;52;253;54;36;6
200712;04020209;04;02;02;09;2;1123;534;589;9;15;9;14;10;19;12;15;6;22;21;26;22;215;97;142;134;63;59;39;60;39;12;12;12;12;6;9;9;3;0;0;9;48;95;26;237;594;63;39;12
200712;04020310;04;02;03;10;2;260;132;128;6;9;6;12;0;0;0;3;0;0;0;3;6;29;32;42;46;33;21;3;3;3;3;0;0;0;0;0;0;0;0;0;6;27;3;3;35;180;6;0;0
200712;04020311;04;02;03;11;2;3044;1491;1553;44;36;43;62;48;44;39;93;84;95;33;91;61;165;88;140;258;288;273;245;192;214;116;48;43;37;65;44;28;21;0;6;44;189;388;91;226;1484;378;189;55
200712;04020312;04;02;03;12;2;1047;518;529;21;18;12;19;9;9;16;34;9;16;6;23;40;27;25;68;111;95;90;86;79;82;39;19;21;12;21;21;13;3;3;0;21;58;90;23;67;554;140;75;19
200712;04020313;04;02;03;13;2;1656;822;834;12;22;19;29;21;21;18;33;21;39;12;57;47;85;50;111;147;164;118;139;130;125;60;37;34;47;37;9;3;3;6;0;12;91;144;57;132;859;222;127;12
200712;04020314;04;02;03;14;2;10;10;0;0;0;0;0;0;0;0;0;0;0;0;0;0;0;0;0;0;0;0;0;10;0;0;0;0;0;0;0;0;0;0;0;0;0;0;0;0;10;0;0;0
200712;04030415;04;03;04;15;1;1203;639;564;16;21;7;30;3;12;6;6;15;12;13;15;35;147;79;165;167;118;58;75;43;40;27;12;9;24;21;9;12;3;0;3;16;61;64;15;182;705;79;63;18
200712;04030416;04;03;04;16;1;4523;2332;2191;36;37;45;130;78;56;57;142;95;102;43;153;181;265;170;260;383;419;373;286;290;283;144;94;77;104;114;64;24;9;6;3;36;290;495;153;446;2181;521;359;42
200712;04030417;04;03;04;17;1;3171;1571;1600;34;56;67;85;15;36;37;79;84;73;15;94;81;137;88;168;333;334;281;263;193;222;113;43;37;73;53;37;19;12;6;3;34;223;324;94;218;1660;378;200;40
200712;04030518;04;03;05;18;1;3188;1647;1541;54;36;43;74;31;31;41;66;67;69;15;104;94;156;130;166;345;350;303;231;203;211;109;32;45;46;66;31;24;0;6;9;54;184;289;104;250;1728;352;188;39
200712;04030519;04;03;05;19;1;1842;981;861;13;37;28;36;15;22;31;31;30;27;15;61;55;88;51;119;252;175;178;165;122;104;50;34;22;28;31;9;9;4;0;0;13;116;156;61;143;1062;188;90;13
200712;04030620;04;03;06;20;1;3057;1549;1508;36;42;44;71;20;35;40;58;64;66;28;120;84;204;104;172;305;307;271;276;200;175;95;21;33;71;67;27;12;6;3;0;36;177;291;120;288;1635;291;198;21
200712;04030621;04;03;06;21;1;1279;656;623;22;15;12;27;25;13;26;31;36;19;16;33;49;60;57;82;175;149;79;77;73;59;42;18;12;15;33;12;3;9;0;0;22;79;141;33;109;692;119;72;12
200712;04030622;04;03;06;22;1;3940;1980;1960;52;43;52;100;43;31;43;73;82;95;43;144;81;222;142;209;390;363;370;299;273;283;180;53;59;66;56;45;27;12;0;9;52;238;367;144;303;2046;516;226;48
200712;04030623;04;03;06;23;1;2160;1015;1145;27;32;27;51;26;18;24;38;37;36;22;53;52;196;114;138;227;173;186;161;123;98;77;15;27;43;65;34;25;12;3;0;27;136;175;53;248;1122;190;169;40
200712;04030724;04;03;07;24;1;1934;947;987;19;33;25;61;13;12;31;27;37;59;27;58;48;94;24;88;167;159;199;142;134;116;85;30;32;36;64;25;43;27;13;6;19;132;193;58;142;913;231;157;89
200712;04030725;04;03;07;25;1;3845;1953;1892;40;50;41;91;58;42;54;85;85;73;30;107;86;224;158;306;354;404;324;324;253;238;112;43;47;80;67;36;18;6;3;6;40;240;369;107;310;2123;393;230;33
200712;04030726;04;03;07;26;1;2030;967;1063;27;16;38;51;21;27;15;35;43;28;30;45;56;115;72;71;182;222;174;223;160;102;64;29;31;39;42;27;21;15;6;3;27;126;178;45;171;1104;195;139;45
200712;04030827;04;03;08;27;1;5001;2575;2426;67;84;44;102;63;38;47;123;91;83;47;164;144;242;193;293;473;519;448;381;380;333;149;94;70;89;132;41;40;9;12;6;67;293;429;164;386;2687;576;332;67
200712;04030828;04;03;08;28;1;3479;1756;1723;33;31;50;56;27;33;37;58;70;43;31;83;92;152;132;185;395;369;343;303;258;252;131;46;43;55;78;47;12;19;9;6;33;164;272;83;244;1985;429;223;46
200712;04030929;04;03;09;29;1;2157;1128;1029;31;12;24;32;23;9;18;62;39;55;7;45;42;91;49;116;187;212;227;200;175;200;64;42;28;53;51;30;15;12;3;3;31;91;190;45;133;1166;306;162;33
200712;04030930;04;03;09;30;1;1874;997;877;10;23;24;33;25;9;13;22;40;25;6;70;32;78;54;73;139;199;212;169;151;168;78;48;28;34;34;30;21;17;3;6;10;105;115;70;110;997;294;126;47
200712;04030931;04;03;09;31;1;1506;757;749;7;13;6;19;6;15;14;22;12;21;9;22;53;72;36;66;157;158;134;149;127;103;73;30;23;52;46;24;24;4;6;3;7;44;93;22;125;827;206;145;37
200712;04031032;04;03;10;32;1;4493;2153;2340;30;42;50;87;55;42;42;98;79;67;40;139;93;205;124;231;442;429;397;417;346;326;174;96;57;82;115;62;77;31;6;12;30;234;368;139;298;2386;596;316;126
200712;04041133;04;04;11;33;2;6;0;6;0;0;0;0;0;0;0;0;0;0;0;0;0;0;0;0;0;0;0;3;3;0;0;0;0;0;0;0;0;0;0;0;0;0;0;0;0;6;0;0;0
200712;04041134;04;04;11;34;2;1480;698;782;9;31;21;31;27;19;26;24;24;27;6;70;25;98;74;52;101;130;124;129;106;85;46;25;27;30;51;26;21;12;3;0;9;110;126;70;123;716;156;134;36
200712;04041135;04;04;11;35;2;807;358;449;3;3;6;24;3;9;9;18;30;24;7;30;12;30;22;18;31;71;87;74;50;78;36;17;12;30;40;15;9;3;6;0;3;36;97;30;42;353;131;97;18
200712;04041136;04;04;11;36;2;702;356;346;0;3;3;13;22;6;20;24;21;15;16;21;19;15;3;25;47;51;57;79;78;63;31;9;13;15;18;9;3;0;3;0;0;41;102;21;34;340;103;55;6
200712;04041137;04;04;11;37;2;2006;931;1075;18;23;28;49;14;21;21;54;52;61;16;57;77;106;62;110;172;206;178;131;155;154;56;32;41;27;42;18;18;3;0;4;18;114;225;57;183;1014;242;128;25
200712;04041238;04;04;12;38;2;1179;571;608;21;12;12;31;27;18;12;37;49;27;16;48;27;28;20;38;105;118;93;106;89;73;33;21;21;21;34;12;12;6;9;3;21;82;159;48;55;569;127;88;30
200712;04041239;04;04;12;39;2;48;19;29;0;0;0;3;0;0;0;0;0;0;0;3;0;9;3;0;3;9;0;7;4;0;4;0;0;0;0;0;0;3;0;0;0;3;0;3;9;26;4;0;3
200712;04041240;04;04;12;40;2;337;184;153;0;13;6;6;6;8;7;15;14;6;0;21;9;9;0;3;15;21;33;49;24;19;9;7;11;11;3;6;6;0;0;0;0;31;50;21;18;145;35;31;6
200712;04041241;04;04;12;41;2;1105;529;576;10;12;22;28;10;13;21;40;32;30;18;61;9;30;27;39;66;78;117;88;108;77;29;29;10;29;21;9;29;10;3;0;10;72;154;61;39;523;135;69;42
200712;04041342;04;04;13;42;2;1163;594;569;10;8;6;19;12;6;12;6;18;31;6;45;27;35;24;68;85;107;93;101;123;81;43;21;10;41;58;28;27;12;0;0;10;45;79;45;62;601;145;137;39
200712;04041343;04;04;13;43;2;872;421;451;9;9;3;3;6;13;13;36;33;21;8;31;16;62;22;31;79;79;93;63;60;77;28;12;6;9;19;15;13;3;0;0;9;21;124;31;78;427;117;49;16
200712;04041344;04;04;13;44;2;2426;1228;1198;33;29;27;66;38;47;25;80;73;48;39;89;34;58;44;85;197;234;246;194;190;197;79;53;44;57;60;39;12;6;3;0;33;160;312;89;92;1190;329;200;21
200712;04051445;04;05;14;45;1;1799;893;906;12;21;33;39;23;12;12;35;39;33;15;36;29;93;83;114;172;218;140;140;123;137;54;37;34;33;43;27;12;0;0;0;12;116;146;36;122;990;228;137;12
200712;04051446;04;05;14;46;1;3295;1620;1675;43;46;45;85;18;16;23;56;83;59;37;80;80;156;91;187;292;257;270;303;256;277;142;47;65;76;63;45;51;24;22;0;43;194;274;80;236;1656;466;249;97
200712;04051447;04;05;14;47;1;1789;857;932;12;28;16;46;15;15;12;24;40;38;6;60;45;110;54;99;149;197;154;169;155;120;57;24;14;35;55;12;19;3;6;0;12;105;135;60;155;977;201;116;28
200712;04051448;04;05;14;48;1;3009;1478;1531;24;26;23;43;34;18;45;54;63;44;18;58;60;180;110;158;290;281;288;229;233;238;104;66;70;58;65;48;37;21;14;9;24;126;242;58;240;1589;408;241;81
200712;04051549;04;05;15;49;1;1205;632;573;9;13;16;28;12;16;22;33;27;36;9;31;46;76;42;77;117;110;115;102;93;69;34;16;10;12;16;6;3;9;0;0;9;69;143;31;122;656;119;44;12
200712;04051550;04;05;15;50;1;1695;844;851;30;21;15;44;31;19;24;42;30;27;17;68;9;66;63;136;162;168;135;134;132;99;67;28;33;33;28;19;6;6;0;3;30;111;159;68;75;930;194;113;15
200712;04051551;04;05;15;51;1;1358;685;673;24;19;9;33;27;12;21;22;37;48;15;58;32;73;48;70;126;120;104;103;119;86;42;28;16;27;18;6;9;3;0;3;24;88;155;58;105;690;156;67;15
200712;04051652;04;05;16;52;1;2849;1410;1439;27;31;39;57;29;32;37;60;56;47;18;85;51;101;94;136;286;237;265;268;198;218;107;50;56;50;100;62;33;9;10;0;27;156;250;85;152;1484;375;268;52
200712;04051653;04;05;16;53;1;2012;1030;982;37;12;39;34;15;21;15;33;40;26;9;54;52;98;36;119;192;227;158;170;144;152;77;40;33;41;50;43;27;12;3;3;37;100;144;54;150;1046;269;167;45
200712;04051654;04;05;16;54;1;805;394;411;17;3;9;12;0;12;7;15;6;9;18;23;18;27;27;46;83;84;76;72;58;57;30;9;13;24;25;12;4;3;3;3;17;24;67;23;45;446;96;74;13
200712;04051655;04;05;16;55;1;2025;998;1027;33;33;22;58;30;33;22;40;58;42;3;86;52;101;61;114;195;228;159;134;111;123;72;27;24;32;65;31;21;15;0;0;33;143;198;86;153;1002;222;152;36
200712;04051656;04;05;16;56;1;1728;849;879;21;24;9;63;12;12;32;54;44;39;26;40;40;114;52;92;158;171;135;159;84;137;33;27;19;24;52;37;3;15;0;0;21;108;207;40;154;851;197;132;18
200712;04061757;04;06;17;57;2;3;0;3;0;0;0;0;0;0;0;0;0;0;0;0;0;0;0;0;0;0;0;3;0;0;0;0;0;0;0;0;0;0;0;0;0;0;0;0;0;3;0;0;0
200712;05010101;05;01;01;01;2;2017;1034;983;39;53;30;85;61;44;27;60;65;66;16;84;48;96;69;139;172;202;150;131;83;106;33;26;21;24;27;27;24;3;6;0;39;229;278;84;144;946;165;99;33
200712;05010102;05;01;01;02;2;783;413;370;13;16;9;6;13;3;6;9;24;18;13;33;21;34;32;42;42;66;52;57;79;78;33;6;19;6;17;15;12;9;0;0;13;44;73;33;55;370;117;57;21
200712;05010103;05;01;01;03;2;850;416;434;12;14;3;19;6;13;12;12;22;33;3;39;37;53;9;21;71;82;63;85;96;53;15;16;3;25;15;9;3;3;3;0;12;42;95;39;90;427;84;52;9
200712;05010204;05;01;02;04;2;917;444;473;18;9;12;18;24;18;13;27;21;21;17;58;60;55;9;39;50;84;98;60;46;46;24;7;9;21;28;16;6;3;0;0;18;63;117;58;115;386;77;74;9
200712;05010205;05;01;02;05;2;428;179;249;0;3;8;3;0;9;6;15;22;30;10;29;24;18;0;14;21;56;40;37;40;27;3;6;0;3;0;0;4;0;0;0;0;14;92;29;42;208;36;3;4
200712;05010206;05;01;02;06;2;2211;1105;1106;27;34;32;65;28;52;39;59;75;75;39;120;71;91;53;97;164;117;185;168;141;154;72;12;29;64;83;32;18;12;3;0;27;159;339;120;162;925;238;208;33
200712;05010207;05;01;02;07;2;4424;2122;2302;51;88;43;146;70;66;31;125;108;121;54;203;207;232;155;243;368;347;291;320;337;251;86;46;61;102;134;78;48;9;3;0;51;347;505;203;439;2061;383;375;60
200712;05010208;05;01;02;08;2;1641;815;826;40;31;22;50;27;17;19;34;41;39;21;75;53;90;62;83;176;139;101;123;89;95;51;28;27;45;20;25;15;3;0;0;40;130;171;75;143;773;174;117;18
200712;05010209;05;01;02;09;2;1176;532;644;21;9;12;22;19;12;31;41;40;32;23;55;37;69;36;41;88;92;91;116;73;82;40;15;15;15;24;9;10;6;0;0;21;62;179;55;106;537;137;63;16
200712;05010310;05;01;03;10;2;654;326;328;6;10;9;28;3;6;13;9;21;14;9;21;27;31;31;51;74;48;60;38;34;36;15;13;13;3;12;10;3;3;3;0;6;50;72;21;58;336;64;38;9
200712;05010311;05;01;03;11;2;2177;1094;1083;27;36;41;78;37;34;39;95;77;64;40;122;107;123;61;78;188;169;173;157;113;78;56;29;27;29;36;31;19;6;4;3;27;192;349;122;230;939;163;123;32
200712;05010312;05;01;03;12;2;2323;1214;1109;25;39;41;53;25;42;35;59;78;57;34;101;112;126;83;105;174;200;184;155;129;132;84;31;30;56;90;19;9;15;0;0;25;158;305;101;238;1030;247;195;24
200712;05010313;05;01;03;13;2;1669;829;840;24;18;18;53;32;21;25;46;52;55;22;95;61;100;50;101;153;152;142;89;90;111;62;15;15;31;21;12;0;0;3;0;24;121;221;95;161;777;188;79;3
200712;05010314;05;01;03;14;2;3084;1574;1510;43;50;39;64;47;45;30;58;89;80;38;129;116;177;90;181;238;250;318;264;202;172;88;57;66;45;56;28;21;0;3;0;43;200;340;129;293;1543;317;195;24
200712;05010339;05;01;03;39;2;97;58;39;0;0;0;0;0;0;0;6;3;0;0;3;3;3;0;3;12;9;6;10;6;18;3;3;3;3;3;0;0;0;0;0;0;0;9;3;6;46;24;9;0
200712;05020415;05;02;04;15;2;573;306;267;9;0;9;21;6;6;15;18;28;24;18;40;21;29;12;9;46;58;50;70;34;25;6;7;3;6;3;0;0;0;0;0;9;36;109;40;50;279;38;12;0
200712;05020416;05;02;04;16;2;96;27;69;3;3;0;6;7;0;0;3;6;6;4;12;0;3;6;6;3;0;13;3;3;3;0;0;0;6;0;0;0;0;0;0;3;16;19;12;3;34;3;6;0
200712;05020417;05;02;04;17;2;1116;546;570;18;15;9;39;14;3;15;27;32;39;15;59;37;64;16;34;89;55;99;123;73;77;41;19;28;25;25;13;3;4;3;3;18;77;131;59;101;489;137;91;13
200712;05020418;05;02;04;18;2;536;289;247;3;7;3;19;3;14;6;24;12;25;18;20;21;21;15;15;33;27;51;30;45;38;24;3;6;6;9;19;13;6;0;0;3;32;99;20;42;216;65;40;19
200712;05020419;05;02;04;19;2;1196;591;605;22;18;16;27;15;16;16;34;59;19;6;64;21;57;18;45;96;106;94;89;83;79;24;13;40;36;40;34;3;0;3;3;22;76;150;64;78;531;116;150;9
200712;05020420;05;02;04;20;2;109;59;50;0;3;0;0;0;0;0;6;7;6;3;16;6;3;7;0;14;17;3;6;9;3;0;0;0;0;0;0;0;0;0;0;0;3;22;16;9;56;3;0;0
200712;05020521;05;02;05;21;2;478;219;259;6;6;6;12;29;16;7;36;26;15;9;21;12;10;9;6;46;38;48;46;37;12;6;0;3;0;6;7;3;0;0;0;6;53;109;21;22;230;18;16;3
200712;05020522;05;02;05;22;2;1496;701;795;15;26;30;60;19;19;34;63;69;41;46;71;48;64;30;55;102;84;113;110;83;95;37;21;15;33;40;27;30;13;3;0;15;135;272;71;112;577;153;115;46
200712;05020523;05;02;05;23;2;4713;2263;2450;82;70;116;176;84;85;73;144;155;167;74;242;214;250;118;192;369;342;334;357;285;251;119;37;56;88;114;61;34;15;6;3;82;446;698;242;464;1997;407;319;58
200712;05020524;05;02;05;24;2;835;431;404;6;6;15;12;15;9;13;45;24;36;15;45;25;19;15;36;41;48;60;90;54;91;22;12;9;26;27;15;0;4;0;0;6;48;142;45;44;344;125;77;4
200712;05020625;05;02;06;25;2;1817;942;875;30;35;18;57;25;12;39;36;52;39;19;59;79;93;51;88;148;145;145;145;153;108;46;22;32;49;46;31;9;3;3;0;30;135;197;59;172;875;176;158;15
200712;05020626;05;02;06;26;2;3652;1813;1839;59;61;44;92;43;33;32;94;105;117;34;153;123;200;145;186;379;303;270;247;201;253;95;64;59;90;107;32;28;3;0;0;59;240;415;153;323;1731;412;288;31
200712;05020627;05;02;06;27;2;952;488;464;15;6;21;37;12;18;7;30;24;37;9;48;25;58;45;42;66;96;82;62;61;73;3;9;15;11;18;13;6;3;0;0;15;76;125;48;83;454;85;57;9
200712;05020628;05;02;06;28;2;355;170;185;6;7;3;6;3;9;6;6;7;31;6;27;9;15;9;15;28;31;40;13;13;9;16;3;10;6;9;6;6;0;0;0;6;19;65;27;24;149;28;31;6
200712;05020629;05;02;06;29;2;536;258;278;0;6;10;12;3;13;15;23;9;18;9;27;10;9;10;3;16;54;42;42;27;56;36;25;6;12;24;9;10;0;0;0;0;31;87;27;19;194;117;51;10
200712;05030730;05;03;07;30;2;1267;641;626;24;31;18;54;23;20;31;61;32;37;12;49;53;57;40;62;122;125;119;96;56;56;27;12;8;12;12;12;6;0;0;0;24;126;193;49;110;620;95;44;6
200712;05030731;05;03;07;31;2;3486;1731;1755;52;54;58;108;43;44;74;97;97;91;57;148;119;199;101;204;270;279;291;287;222;202;81;46;67;59;73;39;9;3;12;0;52;263;460;148;318;1654;329;238;24
200712;05030832;05;03;08;32;2;3407;1692;1715;42;65;48;75;53;52;57;84;98;87;47;147;102;143;97;194;279;302;242;225;229;303;125;43;62;66;76;28;24;9;0;3;42;241;425;147;245;1568;471;232;36
200712;05030833;05;03;08;33;2;646;407;239;10;3;0;15;3;0;10;6;3;6;6;19;100;105;41;57;72;54;50;30;18;12;13;0;3;7;0;0;0;3;0;0;10;21;31;19;205;322;25;10;3
200712;05040934;05;04;09;34;2;524;271;253;9;3;0;9;12;10;3;27;21;26;6;52;15;18;3;12;12;32;37;46;51;43;15;9;9;10;15;13;3;3;0;0;9;24;93;52;33;193;67;47;6
200712;05040935;05;04;09;35;2;42;19;23;3;0;0;4;0;4;0;3;0;3;0;0;0;0;3;3;4;6;3;0;0;3;3;0;0;0;0;0;0;0;0;0;3;4;10;0;0;19;6;0;0
200712;05040936;05;04;09;36;2;842;356;486;18;9;25;25;6;27;28;27;41;31;9;59;24;18;12;24;40;56;74;75;59;60;15;19;10;12;9;15;3;12;0;0;18;65;163;59;42;340;94;46;15
200712;05040937;05;04;09;37;2;203;83;120;0;0;6;13;0;3;3;3;3;3;4;16;3;3;3;6;9;9;25;22;12;18;12;6;3;6;9;3;0;0;0;0;0;19;19;16;6;86;36;21;0
200712;05040938;05;04;09;38;2;354;154;200;0;8;4;18;3;11;9;21;12;12;9;9;15;16;3;12;15;30;30;24;18;21;19;12;8;3;9;0;3;0;0;0;0;33;74;9;31;132;52;20;3
200712;06010101;06;01;01;01;2;1205;576;629;9;21;15;36;31;15;10;62;46;42;19;31;25;37;24;49;98;119;88;91;68;92;51;17;15;28;21;13;13;12;7;0;9;103;194;31;62;537;160;77;32
200712;06010102;06;01;01;02;2;2353;1153;1200;18;37;22;53;34;39;22;80;54;48;35;72;61;99;102;104;209;232;229;221;163;158;65;46;29;34;33;33;12;6;0;3;18;146;278;72;160;1260;269;129;21
200712;06010103;06;01;01;03;2;1691;805;886;22;31;39;57;18;25;19;52;33;17;9;73;30;55;64;90;189;181;153;100;98;139;61;21;22;33;21;15;9;12;0;3;22;145;155;73;85;875;221;91;24
200712;06010204;06;01;02;04;2;1614;753;861;22;15;16;48;34;23;12;39;69;46;21;70;56;64;45;72;160;147;140;121;90;101;56;28;29;27;26;4;15;9;3;6;22;113;210;70;120;775;185;86;33
200712;06010205;06;01;02;05;2;2080;973;1107;30;36;41;77;23;32;29;72;68;54;30;55;49;86;54;84;193;193;227;155;122;127;57;34;23;47;33;24;12;10;3;0;30;177;285;55;135;1028;218;127;25
200712;06010206;06;01;02;06;2;1665;853;812;34;12;33;48;22;16;16;23;33;43;12;57;36;97;43;87;155;163;118;92;107;160;59;30;35;36;36;37;12;6;3;4;34;115;143;57;133;765;249;144;25
200712;06010207;06;01;02;07;2;2004;986;1018;27;45;24;60;19;44;12;56;47;55;33;54;57;123;48;116;227;154;176;160;128;102;47;26;42;54;35;15;9;6;0;3;27;148;247;54;180;1009;175;146;18
200712;06010208;06;01;02;08;2;1524;763;761;25;24;21;33;23;15;15;42;33;30;13;76;28;52;36;82;148;136;150;116;85;145;68;25;16;33;36;9;0;3;6;0;25;101;148;76;80;753;238;94;9
200712;06010209;06;01;02;09;2;2147;1012;1135;22;36;19;34;29;25;45;53;42;48;28;83;75;175;59;117;198;249;216;140;124;118;66;22;24;25;42;24;6;0;0;3;22;118;241;83;250;1103;206;115;9
200712;06010210;06;01;02;10;2;1070;544;526;18;15;20;18;6;12;12;21;27;24;14;46;24;49;53;65;96;110;115;82;66;56;30;9;9;18;25;15;12;3;0;0;18;59;110;46;73;587;95;67;15
200712;06020301;06;02;03;01;2;868;413;455;9;9;12;33;10;17;16;36;19;20;6;38;15;37;29;44;73;68;59;81;70;49;25;7;15;15;18;18;10;10;0;0;9;64;114;38;52;424;81;66;20
200712;06020302;06;02;03;02;2;953;435;518;3;16;23;24;13;25;6;23;43;18;16;36;24;30;22;40;73;67;89;71;71;65;27;0;21;13;45;30;3;10;0;6;3;76;131;36;54;433;92;109;19
200712;06020303;06;02;03;03;2;1418;723;695;28;16;19;48;15;24;22;41;13;35;12;50;62;94;66;94;110;128;110;120;86;82;18;20;19;26;33;21;6;0;0;0;28;98;147;50;156;714;120;99;6
200712;06020304;06;02;03;04;2;1254;617;637;19;9;27;37;19;15;18;40;25;30;9;43;31;67;33;76;125;141;84;120;60;76;41;27;12;18;21;15;3;7;6;0;19;92;137;43;98;639;144;66;16
200712;06020305;06;02;03;05;2;2890;1442;1448;31;26;26;69;25;43;35;70;75;69;30;96;95;198;118;155;267;239;241;227;179;175;69;48;34;81;92;46;15;12;0;4;31;146;322;96;293;1426;292;253;31
200712;06020306;06;02;03;06;2;1021;517;504;13;15;9;25;3;17;12;31;21;30;12;70;30;48;22;43;74;73;91;94;82;73;13;28;20;21;28;17;3;3;0;0;13;52;123;70;78;479;114;86;6
200712;06020407;06;02;04;07;2;1968;978;990;33;37;27;51;26;28;23;53;70;56;41;77;105;162;43;76;182;158;138;110;162;107;44;24;31;15;44;24;15;3;0;3;33;141;271;77;267;869;175;114;21
200712;06020408;06;02;04;08;2;1164;602;562;9;13;15;26;0;13;24;37;48;43;12;58;43;55;27;46;83;89;108;111;73;56;43;23;13;27;24;26;9;10;0;0;9;54;177;58;98;537;122;90;19
200712;06020409;06;02;04;09;2;1599;791;808;25;26;36;51;28;26;17;50;28;39;18;61;65;90;31;63;89;109;126;166;127;124;33;15;25;36;42;13;16;12;9;3;25;141;178;61;155;711;172;116;40
200712;06020410;06;02;04;10;2;990;456;534;6;10;9;36;19;21;12;18;29;20;6;56;41;33;27;34;67;73;68;96;81;109;28;27;21;9;15;4;12;0;3;0;6;74;106;56;74;446;164;49;15
200712;06020411;06;02;04;11;2;1684;819;865;20;18;27;45;25;15;21;55;49;50;34;84;59;84;45;68;130;89;141;137;163;118;41;15;30;51;30;13;12;15;0;0;20;115;224;84;143;773;174;124;27
200712;06030501;06;03;05;01;2;835;386;449;6;31;6;21;6;12;17;37;27;44;0;29;15;27;24;34;38;75;68;69;55;62;39;9;27;24;16;8;6;3;0;0;6;64;137;29;42;363;110;75;9
200712;06030502;06;03;05;02;2;894;422;472;13;12;19;29;16;6;13;10;24;38;19;27;15;25;24;39;68;90;67;82;58;41;28;21;21;31;21;19;9;3;0;6;13;76;110;27;40;428;90;92;18
200712;06030503;06;03;05;03;2;2378;1065;1313;21;36;42;40;37;25;28;78;67;95;15;111;71;104;52;94;175;245;224;217;202;87;80;54;22;45;58;12;15;13;6;7;21;155;308;111;175;1209;221;137;41
200712;06030504;06;03;05;04;2;1902;922;980;28;20;17;34;25;27;15;95;96;69;57;107;59;63;37;52;101;144;150;165;119;164;60;56;21;27;48;31;6;6;3;0;28;96;359;107;122;768;280;127;15
200712;06030605;06;03;06;05;2;1379;691;688;21;31;16;21;13;22;18;33;42;28;18;43;34;45;65;73;149;119;125;98;87;96;61;34;21;31;17;9;3;3;0;3;21;81;161;43;79;716;191;78;9
200712;06030606;06;03;06;06;2;1244;560;684;19;9;12;54;22;22;17;36;28;30;10;47;37;63;51;58;139;84;102;134;59;74;38;21;25;12;22;9;7;3;0;0;19;97;143;47;100;627;133;68;10
200712;06030607;06;03;06;07;2;938;473;465;3;6;6;9;3;9;7;12;21;9;3;12;44;194;122;116;103;54;50;33;43;18;9;6;7;18;9;9;3;0;0;0;3;24;61;12;238;521;33;43;3
200712;06030608;06;03;06;08;2;1962;968;994;18;27;25;44;45;22;55;82;62;100;33;68;60;83;30;45;101;198;225;181;137;114;31;27;24;31;18;32;20;6;12;6;18;141;354;68;143;917;172;105;44
200712;06030609;06;03;06;09;2;2105;1018;1087;18;35;41;65;18;28;25;76;46;42;31;85;24;76;64;93;181;237;141;175;169;141;88;39;23;52;43;15;12;3;6;13;18;159;248;85;100;1060;268;133;34
200712;06030610;06;03;06;10;2;1598;738;860;15;38;31;56;15;30;34;64;55;36;34;93;37;46;47;46;79;110;157;141;94;125;72;16;22;26;46;12;12;6;0;3;15;140;253;93;83;674;213;106;21
200712;06040701;06;04;07;01;2;1460;693;767;12;18;23;60;14;24;15;28;46;31;28;53;21;56;27;58;97;120;142;102;110;145;49;27;27;52;28;19;19;6;3;0;12;115;172;53;77;656;221;126;28
200712;06040702;06;04;07;02;2;972;445;527;9;7;6;27;19;15;27;27;34;48;29;79;38;29;12;25;60;77;75;74;90;81;27;6;6;12;11;7;3;3;6;3;9;59;180;79;67;413;114;36;15
200712;06040703;06;04;07;03;2;2593;1238;1355;18;37;30;32;26;15;13;68;49;55;18;75;107;468;194;188;197;148;139;149;140;118;61;40;34;40;59;48;9;18;0;0;18;125;218;75;575;1155;219;181;27
200712;06040804;06;04;08;04;2;1280;615;665;18;24;15;31;18;15;27;31;36;31;47;69;12;45;21;38;66;113;127;95;97;67;59;27;36;30;35;16;15;10;6;3;18;88;187;69;57;557;153;117;34
200712;06040805;06;04;08;05;2;833;385;448;9;9;6;18;24;15;11;18;31;48;19;28;31;35;12;21;55;45;49;57;79;91;33;31;15;9;12;16;0;6;0;0;9;57;142;28;66;318;155;52;6
200712;06040806;06;04;08;06;2;910;392;518;6;9;9;29;12;6;0;28;27;46;10;42;12;27;20;27;52;59;78;75;95;61;46;29;25;19;31;18;3;3;3;3;6;59;117;42;39;406;136;93;12
200712;06040807;06;04;08;07;2;1141;537;604;21;21;22;33;9;28;9;54;54;28;9;54;34;36;19;39;78;80;113;126;76;80;30;9;19;16;13;12;9;6;4;0;21;85;182;54;70;531;119;60;19
200712;06040808;06;04;08;08;2;1098;531;567;6;12;23;40;45;21;23;51;49;49;12;65;36;25;15;28;84;123;118;101;73;42;19;7;4;6;6;3;9;3;0;0;6;120;205;65;61;542;68;19;12
200712;06040809;06;04;08;09;2;1376;699;677;12;9;6;48;15;22;19;45;31;24;16;49;55;57;34;48;101;116;143;104;111;92;33;34;17;35;46;21;18;12;0;3;12;78;157;49;112;657;159;119;33
200712;06040810;06;04;08;10;2;1623;785;838;13;21;17;38;17;42;30;69;54;62;18;57;34;103;55;89;118;116;118;137;77;80;67;35;24;33;37;18;16;9;10;9;13;93;275;57;137;710;182;112;44
200712;07010101;07;01;01;01;1;3974;2054;1920;43;46;33;86;31;45;49;58;71;67;45;97;84;164;129;182;333;412;343;339;329;314;136;63;87;84;145;75;31;21;23;9;43;196;335;97;248;2067;513;391;84
200712;07010102;07;01;01;02;1;8503;4377;4126;80;84;99;217;121;109;80;234;243;214;99;301;305;443;292;455;789;855;761;625;576;441;227;119;95;165;193;132;81;42;10;16;80;521;979;301;748;4353;787;585;149
200712;07010103;07;01;01;03;1;3391;1745;1646;43;48;53;56;36;40;27;83;63;69;39;94;54;152;120;168;349;352;350;278;281;223;94;68;49;75;65;28;9;9;7;9;43;193;321;94;206;1898;385;217;34
200712;07010104;07;01;01;04;1;7659;3950;3709;106;95;99;199;97;94;106;226;214;205;86;236;267;423;303;408;692;729;621;534;467;411;241;128;124;164;184;101;71;15;7;6;106;490;931;236;690;3754;780;573;99
200712;07020201;07;02;02;01;1;3066;1567;1499;43;38;21;69;21;37;44;90;66;69;33;112;56;157;102;161;281;300;273;217;254;210;118;44;56;57;64;38;20;12;0;3;43;149;339;112;213;1588;372;215;35
200712;07020202;07;02;02;02;1;3386;1742;1644;49;54;63;91;56;47;18;53;82;54;37;100;84;194;123;245;361;344;302;238;199;188;118;49;45;66;51;45;21;6;3;0;49;264;291;100;278;1812;355;207;30
200712;07020203;07;02;02;03;1;7147;3758;3389;78;123;95;119;105;90;83;152;166;156;109;272;255;378;272;363;691;743;710;546;412;402;222;110;79;131;130;71;43;16;12;13;78;442;756;272;633;3737;734;411;84
200712;07020204;07;02;02;04;1;3634;1939;1695;45;37;50;114;45;41;36;69;62;56;36;138;92;228;143;202;404;392;415;235;238;181;95;54;53;55;66;30;13;6;0;3;45;246;300;138;320;2029;330;204;22
200712;07030301;07;03;03;01;1;5353;2558;2795;83;80;80;112;62;68;97;160;118;120;84;217;131;217;138;245;464;518;445;397;468;381;143;99;75;97;128;46;41;24;6;9;83;334;647;217;348;2675;623;346;80
200712;07030302;07;03;03;02;1;2376;1236;1140;31;30;27;68;26;44;24;63;70;45;23;78;56;66;73;150;176;213;236;206;168;163;76;37;47;61;64;25;12;9;3;6;31;151;269;78;122;1222;276;197;30
200712;07030303;07;03;03;03;1;4491;2202;2289;81;77;68;130;59;67;79;154;145;159;58;196;182;227;167;204;423;388;413;306;237;205;136;61;58;61;90;38;15;3;4;0;81;334;662;196;409;2138;402;247;22
200712;07040401;07;04;04;01;2;4536;2266;2270;40;50;77;148;46;58;68;146;146;117;65;178;167;256;129;271;336;487;413;329;285;243;97;81;60;85;78;36;19;12;6;7;40;321;600;178;423;2250;421;259;44
200712;07040402;07;04;04;02;2;391;200;191;0;7;6;24;7;3;0;10;12;11;6;3;15;33;24;18;19;41;39;27;22;28;6;3;6;9;6;3;3;0;0;0;0;44;42;3;48;190;37;24;3
200712;07040403;07;04;04;03;2;6058;2953;3105;103;93;75;209;115;71;82;177;115;132;100;238;175;270;228;299;674;602;517;433;373;330;129;84;63;99;142;66;43;12;6;3;103;492;677;238;445;3126;543;370;64
200712;07040404;07;04;04;04;2;1009;496;513;24;16;27;45;3;12;31;21;25;33;9;48;24;48;23;36;77;95;93;77;36;71;18;26;16;15;19;18;6;10;7;0;24;91;131;48;72;437;115;68;23
200712;07040405;07;04;04;05;2;3172;1571;1601;54;48;63;125;36;47;51;97;92;93;34;136;90;176;122;191;327;275;258;223;169;142;68;43;22;49;83;31;15;6;6;0;54;272;414;136;266;1565;253;185;27
200712;07040406;07;04;04;06;2;1121;598;523;15;30;21;27;15;13;9;16;16;24;7;29;37;77;59;65;144;122;107;36;72;67;40;16;18;9;15;3;9;0;0;3;15;93;85;29;114;605;123;45;12
200712;07050501;07;05;05;01;2;4096;2024;2072;56;65;68;120;68;45;59;112;110;99;54;197;144;230;114;181;331;388;323;299;289;253;104;42;51;81;108;57;39;3;6;0;56;321;479;197;374;1925;399;297;48
200712;07050502;07;05;05;02;2;1922;999;923;25;22;17;54;27;24;18;61;53;43;22;67;86;105;108;138;177;151;171;136;142;96;44;30;21;25;22;9;19;6;0;3;25;120;221;67;191;1023;170;77;28
200712;07050503;07;05;05;03;2;2154;1085;1069;24;17;31;78;21;22;21;42;52;44;24;85;75;114;97;100;269;154;169;141;165;156;76;43;45;21;44;12;12;0;0;0;24;147;205;85;189;1095;275;122;12
200712;07050504;07;05;05;04;2;1421;724;697;15;3;19;37;13;25;36;58;40;41;19;78;55;61;27;64;108;162;110;111;92;84;24;18;16;28;37;34;6;0;0;0;15;72;219;78;116;674;126;115;6
200712;07050505;07;05;05;05;2;2185;1066;1119;25;35;34;71;28;18;45;82;80;73;34;85;83;91;64;80;161;240;149;152;171;109;58;30;32;46;41;35;12;9;9;3;25;168;332;85;174;1017;197;154;33
200712;07050506;07;05;05;06;2;309;161;148;6;6;3;3;3;3;9;9;4;6;6;15;6;3;3;7;33;46;32;19;19;30;9;7;0;16;0;6;0;0;0;0;6;15;37;15;9;159;46;22;0
200712;07060601;07;06;06;01;2;3191;1595;1596;41;33;22;97;34;21;35;84;76;97;44;136;130;171;93;139;278;242;246;272;221;164;89;32;42;71;102;108;34;25;9;3;41;186;357;136;301;1491;285;323;71
200712;07060602;07;06;06;02;2;730;399;331;16;3;12;10;0;10;12;13;27;21;15;35;33;28;15;19;70;76;64;48;60;43;18;17;6;18;21;16;0;4;0;0;16;25;98;35;61;352;78;61;4
200712;07060603;07;06;06;03;2;683;349;334;13;9;15;25;6;16;26;27;19;24;17;46;24;37;15;18;51;40;41;47;56;38;15;6;12;12;16;0;9;3;0;0;13;55;129;46;61;268;59;40;12
200712;07060604;07;06;06;04;2;4439;2079;2360;43;81;39;115;53;44;54;107;137;96;68;140;150;222;130;191;341;314;297;362;339;339;115;80;88;131;128;136;65;18;7;9;43;288;506;140;372;1974;534;483;99
200712;07070701;07;07;07;01;2;1698;834;864;25;21;28;68;21;22;41;48;49;48;26;82;42;57;38;67;148;138;149;112;132;93;43;36;27;43;40;27;12;9;3;3;25;138;234;82;99;784;172;137;27
200712;07070702;07;07;07;02;2;1561;715;846;24;21;33;34;27;23;35;44;54;33;38;87;34;43;32;56;150;131;158;118;99;101;37;27;22;41;28;9;13;3;3;3;24;115;227;87;77;744;165;100;22
200712;07070703;07;07;07;03;2;1683;843;840;9;18;8;64;10;28;9;46;53;45;33;88;57;83;21;41;99;123;166;146;163;105;46;25;40;44;52;34;24;0;0;3;9;100;214;88;140;759;176;170;27
200712;07070704;07;07;07;04;2;2038;1043;995;13;27;24;47;48;31;32;69;65;61;43;102;54;106;56;78;128;133;187;181;131;108;39;32;44;52;67;61;16;3;0;0;13;146;301;102;160;894;179;224;19
200712;07070705;07;07;07;05;2;1035;525;510;6;20;15;34;22;18;22;34;31;29;15;50;33;27;18;26;69;73;80;128;55;83;36;18;24;15;16;16;16;3;3;0;6;91;149;50;60;449;137;71;22
200712;07070706;07;07;07;06;2;415;236;179;10;12;0;3;4;3;3;21;9;3;9;16;6;21;3;22;30;52;27;40;34;33;6;3;6;12;9;3;9;6;0;0;10;19;48;16;27;208;42;30;15
200712;07070707;07;07;07;07;2;307;135;172;0;6;7;3;10;6;3;9;0;3;3;15;12;16;0;12;18;18;31;34;25;25;16;3;3;3;7;16;0;3;0;0;0;26;24;15;28;138;44;29;3
200712;08010115;08;01;01;15;1;283;152;131;3;11;3;19;0;6;6;3;9;12;0;13;6;16;4;15;17;39;19;23;29;15;6;0;0;3;6;0;0;0;0;0;3;33;36;13;22;146;21;9;0
200712;08010116;08;01;01;16;1;1808;961;847;32;25;13;44;25;31;35;34;51;40;19;74;100;97;40;102;141;170;136;165;93;90;46;23;34;58;46;29;6;6;3;0;32;107;210;74;197;847;159;167;15
200712;08010117;08;01;01;17;1;7475;4080;3395;101;130;142;197;133;101;100;183;149;156;56;257;248;538;363;537;824;725;681;437;377;399;165;73;111;113;111;53;9;3;3;0;101;602;745;257;786;3944;637;388;15
200712;08010118;08;01;01;18;1;6406;3410;2996;114;152;133;246;99;90;86;215;172;182;117;288;255;428;260;367;628;618;516;397;264;247;132;74;60;88;85;31;35;27;0;0;114;630;862;288;683;3050;453;264;62
200712;08010211;08;01;02;11;1;5537;2881;2656;67;86;66;180;85;77;94;165;173;179;72;201;242;377;212;315;529;543;503;354;319;185;118;85;58;90;90;54;6;9;0;3;67;417;760;201;619;2775;388;292;18
200712;08010212;08;01;02;12;1;4583;2320;2263;91;123;104;173;98;85;101;148;156;125;52;183;179;243;146;217;402;383;336;226;279;246;105;71;69;88;85;42;15;9;3;0;91;498;667;183;422;1989;422;284;27
200712;08010213;08;01;02;13;1;6197;3425;2772;110;87;78;213;99;72;98;168;156;152;84;229;220;412;266;419;656;651;503;384;277;280;140;101;83;106;97;32;12;6;0;6;110;477;730;229;632;3156;521;318;24
200712;08010214;08;01;02;14;1;4034;2140;1894;63;68;69;141;70;68;69;146;114;102;52;171;194;258;146;281;406;354;379;239;185;152;61;58;40;42;57;25;9;9;0;6;63;348;551;171;452;1990;271;164;24
200712;08010301;08;01;03;01;1;12772;6721;6051;192;243;207;425;145;163;189;315;327;319;142;474;450;840;579;937;1421;1243;1177;821;605;508;273;135;106;209;203;60;36;19;3;6;192;1020;1455;474;1290;6783;916;578;64
200712;08010302;08;01;03;02;1;984;490;494;15;3;18;32;16;21;19;36;27;28;13;36;32;54;25;56;93;102;70;76;63;52;22;12;13;12;28;10;0;0;0;0;15;69;144;36;86;485;86;63;0
200712;08010303;08;01;03;03;1;4659;2410;2249;56;86;89;119;58;52;98;159;140;132;59;179;178;315;220;280;423;485;383;296;240;186;94;55;57;91;71;28;24;3;0;3;56;352;640;179;493;2327;335;247;30
200712;08010404;08;01;04;04;1;11083;6037;5046;206;178;193;368;147;170;133;332;337;245;148;468;446;754;446;700;1094;1025;847;751;558;530;270;166;102;177;142;73;50;12;9;6;206;886;1365;468;1200;5421;966;494;77
200712;08010405;08;01;04;05;1;3706;2006;1700;64;77;54;97;51;56;68;110;100;98;58;129;163;232;138;254;381;382;302;241;206;132;89;27;46;52;56;28;9;3;0;3;64;279;490;129;395;1904;248;182;15
200712;08010406;08;01;04;06;1;2975;1584;1391;70;63;69;134;45;51;38;64;68;69;38;115;107;205;120;188;270;280;287;191;157;118;45;49;28;40;37;10;9;3;3;4;70;311;328;115;312;1493;212;115;19
200712;08010407;08;01;04;07;1;316;181;135;3;6;0;3;4;0;3;3;4;0;9;3;21;16;13;30;30;21;27;31;16;9;19;3;6;9;21;0;6;0;0;0;3;13;19;3;37;168;31;36;6
200712;08010508;08;01;05;08;1;2451;1183;1268;43;55;36;84;52;37;40;90;79;90;42;133;123;149;83;118;169;212;243;148;126;127;31;28;35;29;21;15;10;0;3;0;43;227;378;133;272;1099;186;100;13
200712;08010509;08;01;05;09;1;3617;1830;1787;59;62;72;146;52;69;80;128;128;151;67;190;182;186;71;163;308;318;312;194;149;150;76;62;44;53;80;31;12;13;6;3;59;332;623;190;368;1515;288;208;34
200712;08010510;08;01;05;10;1;153;89;64;0;3;0;0;3;0;0;3;0;3;3;6;12;9;3;3;6;13;12;9;23;18;9;6;0;3;3;3;0;0;0;0;0;6;9;6;21;69;33;9;0
200712;08020619;08;02;06;19;2;3474;1793;1681;55;66;48;130;68;49;76;116;108;131;56;157;145;181;122;163;339;311;291;210;187;161;78;43;45;33;47;43;9;3;0;3;55;312;536;157;326;1623;282;168;15
200712;08020620;08;02;06;20;2;2722;1397;1325;59;34;35;80;37;39;39;99;83;66;27;121;83;137;123;130;267;245;245;166;157;138;71;39;20;51;62;33;24;9;3;0;59;186;353;121;220;1333;248;166;36
200712;08020621;08;02;06;21;2;385;193;192;6;3;7;13;7;6;6;15;15;9;3;39;13;11;10;19;25;20;36;40;35;15;12;0;6;3;11;0;0;0;0;0;6;30;54;39;24;185;27;20;0
200712;08020622;08;02;06;22;2;2709;1306;1403;40;22;32;44;43;30;49;73;72;61;37;115;82;190;74;150;234;204;221;208;146;194;93;54;33;83;52;35;15;13;7;3;40;141;322;115;272;1237;341;203;38
200712;08020623;08;02;06;23;2;232;133;99;3;3;3;3;0;10;0;9;6;6;6;15;0;3;10;26;9;18;30;14;33;15;4;3;0;3;0;0;0;0;0;0;3;9;37;15;3;140;22;3;0
200712;08020624;08;02;06;24;2;187;95;92;0;6;0;3;6;0;0;6;0;10;0;3;6;19;3;0;13;28;12;17;12;21;9;6;3;0;0;4;0;0;0;0;0;15;16;3;25;85;36;7;0
200712;08020625;08;02;06;25;2;568;309;259;4;6;9;19;3;3;9;17;23;12;14;26;9;15;21;16;54;73;68;44;18;30;25;3;6;13;16;9;0;3;0;0;4;37;78;26;24;294;58;44;3
200712;08020726;08;02;07;26;2;1537;756;781;21;15;16;21;19;33;27;60;55;48;27;53;59;82;49;59;124;126;127;101;112;118;21;35;29;18;24;30;19;6;3;0;21;71;250;53;141;698;174;101;28
200712;08020727;08;02;07;27;2;2025;972;1053;22;24;39;55;25;34;23;58;109;81;30;116;54;113;39;64;147;171;185;168;146;119;56;22;22;27;49;9;9;6;0;3;22;143;335;116;167;920;197;107;18
200712;08020728;08;02;07;28;2;1932;1030;902;18;21;15;62;30;28;37;67;59;60;38;83;69;90;53;80;154;141;169;125;129;103;69;30;35;54;59;24;21;3;3;3;18;128;289;83;159;851;202;172;30
200712;08030829;08;03;08;29;2;4548;2267;2281;58;63;73;157;72;80;83;139;136;133;83;194;158;204;134;182;356;315;385;345;335;239;91;79;69;99;102;101;56;16;8;3;58;365;654;194;362;2052;409;371;83
200712;08030830;08;03;08;30;2;2064;1006;1058;29;28;40;51;37;31;38;51;68;46;25;55;52;120;67;97;185;189;146;114;113;118;74;19;33;49;76;69;29;12;0;3;29;156;259;55;172;911;211;227;44
200712;08030831;08;03;08;31;2;6915;3390;3525;87;103;105;215;112;98;87;254;221;216;117;317;261;363;234;326;623;500;572;511;498;336;156;81;67;129;135;105;52;16;9;9;87;535;993;317;624;3264;573;436;86
200712;08040932;08;04;09;32;2;591;293;298;16;9;23;19;19;6;13;27;18;31;3;12;15;16;21;23;61;57;43;21;22;38;26;10;0;10;9;9;7;4;0;3;16;70;98;12;31;248;74;28;14
200712;08040933;08;04;09;33;2;796;400;396;6;12;9;18;19;7;10;30;36;24;19;25;32;42;16;34;47;70;42;92;56;46;21;12;16;9;29;14;3;0;0;0;6;58;126;25;74;357;79;68;3
200712;08040934;08;04;09;34;2;522;285;237;3;7;9;3;9;9;21;18;19;6;9;45;26;25;12;18;36;45;47;37;41;37;14;0;9;7;3;0;3;4;0;0;3;28;82;45;51;236;51;19;7
200712;08041035;08;04;10;35;2;1382;730;652;9;28;6;48;19;15;25;31;30;59;35;70;59;67;24;31;97;101;117;157;106;85;38;12;27;13;40;17;10;3;3;0;9;101;195;70;126;633;135;97;16
200712;08041036;08;04;10;36;2;1054;550;504;6;3;15;18;15;16;27;28;43;26;12;74;39;58;36;37;55;55;108;91;84;70;25;18;22;22;19;20;9;3;0;0;6;51;152;74;97;466;113;83;12
200712;08041037;08;04;10;37;2;1499;726;773;7;6;28;51;11;15;24;63;52;51;27;61;42;90;28;42;96;95;140;128;96;111;36;33;33;57;46;12;15;0;3;0;7;96;232;61;132;625;180;148;18
200712;08041038;08;04;10;38;2;1024;567;457;6;12;0;18;16;16;29;24;36;43;23;45;38;31;28;23;49;101;110;74;94;85;29;8;9;19;21;19;12;3;3;0;6;46;171;45;69;479;122;68;18
200712;08041039;08;04;10;39;2;862;421;441;21;15;18;36;18;16;15;53;19;33;18;59;14;30;25;32;89;111;64;67;50;26;6;3;3;15;6;0;0;0;0;0;21;87;154;59;44;438;35;24;0
200712;08041040;08;04;10;40;2;1513;750;763;6;27;23;46;28;41;31;56;82;56;37;105;56;56;27;61;89;117;147;129;92;83;15;18;12;19;29;16;6;3;0;0;6;124;303;105;112;662;116;76;9
200712;09010101;09;01;01;01;2;2016;1074;942;42;31;38;99;57;30;39;50;65;34;18;68;42;135;84;142;287;236;182;106;72;51;28;16;12;16;15;9;9;3;0;0;42;225;236;68;177;1109;95;52;12
200712;09010102;09;01;01;02;2;9;6;3;0;0;0;0;0;0;0;0;0;0;0;0;0;0;0;3;0;0;0;6;0;0;0;0;0;0;0;0;0;0;0;0;0;0;0;0;0;9;0;0;0
200712;09010201;09;01;02;01;2;416;210;206;15;12;6;28;9;0;6;17;3;10;12;13;3;24;10;18;43;41;39;25;12;10;9;9;3;12;9;9;3;3;3;0;15;55;48;13;27;188;28;33;9
200712;09010202;09;01;02;02;2;283;157;126;3;10;0;6;3;3;0;0;6;0;0;0;0;15;9;12;40;32;21;25;15;12;15;11;6;15;15;9;0;0;0;0;3;19;9;0;15;154;38;45;0
200712;09010301;09;01;03;01;2;980;501;479;33;21;16;35;10;30;15;24;21;12;9;31;24;46;37;76;88;102;82;51;60;37;13;23;9;15;18;16;16;10;0;0;33;82;111;31;70;496;73;58;26
200712;09010302;09;01;03;02;2;411;175;236;6;9;6;10;9;13;10;6;21;26;16;27;12;21;6;9;15;40;50;30;18;15;3;6;6;9;6;6;0;0;0;0;6;34;92;27;33;168;24;27;0
200712;09010401;09;01;04;01;2;305;148;157;3;6;7;9;3;0;6;3;0;3;0;15;6;12;3;19;24;15;12;22;22;13;6;19;9;17;21;15;9;0;0;6;3;25;12;15;18;117;38;62;15
200712;09010402;09;01;04;02;2;659;330;329;9;6;21;30;13;9;12;18;24;15;9;27;15;21;24;30;57;42;58;59;48;42;15;3;13;15;0;9;3;6;3;3;9;70;87;27;36;318;60;37;15
200712;09020501;09;02;05;01;2;554;326;228;0;9;10;21;3;3;13;18;21;8;0;22;12;38;28;44;42;68;47;39;31;18;14;12;9;12;6;0;0;6;0;0;0;43;63;22;50;299;44;27;6
200712;09020502;09;02;05;02;2;1191;631;560;37;20;18;50;22;22;16;39;34;27;21;48;24;68;31;75;107;125;112;85;80;52;7;6;7;3;18;16;18;3;0;0;37;110;159;48;92;615;65;44;21
200712;09020601;09;02;06;01;2;892;557;335;15;16;27;15;12;9;7;11;15;16;6;24;78;73;50;67;125;91;73;47;45;21;9;9;3;9;9;3;7;0;0;0;15;70;64;24;151;498;39;24;7
200712;09020602;09;02;06;02;2;93;37;56;0;0;0;3;3;3;0;0;3;3;0;4;6;0;0;0;6;12;9;0;0;6;0;3;6;6;13;4;3;0;0;0;0;6;9;4;6;27;9;29;3
200712;09020701;09;02;07;01;2;88;60;28;3;0;0;0;6;0;0;3;0;0;0;0;0;3;3;17;16;16;15;3;3;0;0;0;0;0;0;0;0;0;0;0;3;6;3;0;3;73;0;0;0
200712;09020702;09;02;07;02;2;827;428;399;21;15;19;12;17;6;18;9;3;15;3;37;21;30;24;55;87;100;82;53;37;43;15;21;10;9;32;17;4;12;0;0;21;63;54;37;51;438;79;68;16
200712;09020801;09;02;08;01;2;98;37;61;0;6;0;3;0;3;0;4;0;3;0;0;0;6;0;3;3;9;16;12;9;9;0;0;6;0;3;0;0;3;0;0;0;9;10;0;6;52;9;9;3
200712;09020802;09;02;08;02;2;517;287;230;0;9;9;12;3;3;9;12;12;12;9;12;18;51;20;32;52;53;43;36;25;33;12;3;3;10;6;15;3;0;0;0;0;33;57;12;69;261;48;34;3
200712;09030901;09;03;09;01;2;712;395;317;10;12;12;27;12;6;3;21;21;16;19;30;24;15;25;27;63;83;89;47;28;24;12;21;13;16;21;12;0;3;0;0;10;63;86;30;39;362;57;62;3
200712;09030902;09;03;09;02;2;541;251;290;3;15;18;24;9;4;9;12;16;19;19;27;22;15;19;28;53;39;42;39;36;3;12;3;9;9;15;13;9;0;0;0;3;66;79;27;37;256;18;46;9
200712;09030903;09;03;09;03;2;1009;489;520;15;18;6;36;10;18;19;55;38;29;27;41;28;43;27;42;88;89;97;71;78;46;18;3;3;26;15;13;7;0;3;0;15;70;186;41;71;492;67;57;10
200712;09031001;09;03;10;01;2;540;266;274;3;6;0;24;6;12;9;12;21;19;12;19;3;13;12;30;51;25;61;55;28;27;10;9;15;13;30;9;3;3;0;0;3;36;85;19;16;262;46;67;6
200712;09031101;09;03;11;01;2;254;136;118;0;0;7;9;6;3;0;3;6;0;0;9;12;6;6;18;15;27;19;33;24;9;9;6;3;9;0;12;3;0;0;0;0;22;12;9;18;142;24;24;3
200712;09031201;09;03;12;01;2;104;50;54;3;0;0;3;3;0;4;0;0;3;3;7;6;6;0;3;0;6;6;12;6;6;3;0;6;9;0;6;3;0;0;0;3;6;10;7;12;33;9;21;3
200712;09031202;09;03;12;02;2;166;96;70;4;0;3;3;0;0;0;3;3;3;0;3;6;15;6;6;12;21;6;9;13;18;4;3;3;13;6;0;3;0;0;0;4;6;9;3;21;73;25;22;3
200712;09041301;09;04;13;01;2;401;167;234;7;15;9;9;0;6;3;3;0;13;3;6;12;12;3;3;32;34;35;31;12;33;10;12;24;32;9;18;9;6;0;0;7;33;28;6;24;150;55;83;15
200712;09041302;09;04;13;02;2;91;38;53;3;0;0;0;4;3;3;3;6;8;3;0;3;6;3;0;6;6;3;3;6;0;0;3;7;3;6;0;0;3;0;0;3;4;26;0;9;27;3;16;3
200712;09041401;09;04;14;01;2;194;88;106;0;0;3;3;9;3;6;0;9;4;3;7;6;9;10;9;10;15;12;13;12;9;0;3;9;12;6;3;6;3;0;0;0;15;25;7;15;81;12;30;9
200712;09041402;09;04;14;02;2;197;114;83;0;4;3;6;3;3;6;3;4;0;3;3;15;10;7;9;13;19;0;16;22;16;9;0;0;8;6;6;3;0;0;0;0;16;19;3;25;86;25;20;3
200712;09041501;09;04;15;01;2;665;378;287;15;19;9;17;6;24;12;22;27;15;3;18;21;32;22;30;57;64;76;65;36;15;12;3;18;3;12;3;6;3;0;0;15;51;103;18;53;350;30;36;9
200712;09041601;09;04;16;01;2;250;123;127;0;0;3;10;4;0;0;19;6;6;3;3;9;3;10;9;13;21;27;21;6;24;6;3;6;10;16;6;6;0;0;0;0;17;34;3;12;107;33;38;6
200712;09051701;09;05;17;01;2;168;92;76;3;9;0;9;0;3;0;3;6;0;3;19;3;0;3;3;9;12;15;6;12;0;0;6;14;3;12;6;6;3;0;0;3;18;15;19;3;60;6;35;9
200712;09051702;09;05;17;02;2;610;263;347;15;33;0;19;18;16;0;19;12;12;9;21;7;18;13;18;61;60;34;27;22;19;18;18;12;15;34;24;27;3;6;0;15;70;68;21;25;235;55;85;36
200712;09051801;09;05;18;01;2;447;218;229;7;3;9;3;16;3;0;12;13;15;6;21;9;18;14;12;37;27;31;41;19;16;12;15;17;18;26;15;9;3;0;0;7;31;49;21;27;181;43;76;12
200712;09051901;09;05;19;01;2;468;190;278;0;9;0;22;10;3;12;12;9;18;3;15;9;19;10;28;54;46;42;24;21;15;12;6;4;12;22;21;3;7;0;0;0;41;57;15;28;225;33;59;10
200712;09052001;09;05;20;01;2;462;204;258;3;3;12;13;0;6;13;19;9;9;6;22;12;15;6;21;30;34;34;21;24;6;19;19;7;25;21;35;15;3;0;0;3;28;62;22;27;170;44;88;18
200712;10010101;10;01;01;01;2;1072;476;596;10;40;33;49;25;6;15;46;28;19;22;18;33;89;30;53;116;75;70;64;75;79;10;6;9;9;13;15;12;3;0;0;10;147;136;18;122;483;95;46;15
200712;10010102;10;01;01;02;2;3159;1564;1595;75;58;61;125;55;39;36;64;92;94;49;119;112;244;118;164;275;231;165;242;232;148;48;15;33;72;84;46;38;19;6;0;75;299;374;119;356;1427;211;235;63
200712;10010203;10;01;02;03;2;15;12;3;0;0;0;0;0;0;0;0;0;0;0;3;0;3;0;0;0;3;0;3;3;0;0;0;0;0;0;0;0;0;0;0;0;0;0;3;3;9;0;0;0
200712;10010204;10;01;02;04;2;1598;801;797;19;33;27;50;25;28;30;32;50;51;24;55;66;89;50;83;136;86;120;107;132;118;24;3;12;30;45;36;28;6;0;3;19;135;215;55;155;714;145;123;37
200712;10010205;10;01;02;05;2;635;340;295;9;13;6;18;6;9;12;13;17;6;3;32;28;41;18;30;35;48;51;65;59;52;12;6;6;12;9;10;6;3;0;0;9;43;60;32;69;306;70;37;9
200712;10010206;10;01;02;06;2;1711;831;880;27;41;24;74;19;12;18;42;35;41;14;62;71;106;67;83;138;136;98;158;123;93;27;32;27;24;46;45;19;6;3;0;27;158;162;62;177;803;152;142;28
200712;10010207;10;01;02;07;2;1317;652;665;21;32;21;26;36;26;17;35;27;28;19;41;47;84;71;82;107;93;87;93;104;77;21;15;13;9;39;22;18;3;0;3;21;115;152;41;131;637;113;83;24
200712;10010308;10;01;03;08;2;160;86;74;3;0;0;3;0;0;8;3;6;6;3;3;6;6;0;11;13;27;15;19;6;6;3;6;0;4;0;0;3;0;0;0;3;3;26;3;12;91;15;4;3
200712;10010309;10;01;03;09;2;2065;1016;1049;27;31;37;71;36;33;27;49;62;66;25;98;78;137;78;123;178;150;157;148;113;95;27;28;28;47;59;27;15;15;0;0;27;175;262;98;215;947;150;161;30
200712;10010310;10;01;03;10;2;1815;902;913;12;30;40;41;48;30;28;42;45;41;21;96;101;110;43;106;111;136;127;154;152;84;39;24;43;32;28;12;24;12;3;0;12;159;207;96;211;829;147;115;39
200712;10010311;10;01;03;11;2;411;199;212;10;14;3;6;21;15;7;10;10;7;15;12;15;25;15;19;24;48;24;31;21;3;9;0;6;9;15;7;0;3;7;0;10;44;64;12;40;182;12;37;10
200712;10020412;10;02;04;12;2;735;343;392;9;6;12;28;0;24;6;25;21;18;7;37;40;44;24;18;67;55;71;72;41;36;6;6;6;9;23;12;3;6;3;0;9;46;101;37;84;348;48;50;12
200712;10020413;10;02;04;13;2;1087;549;538;19;9;0;25;22;16;18;15;21;26;15;38;36;92;44;67;83;75;84;85;73;49;21;24;19;34;37;21;9;10;0;0;19;56;111;38;128;511;94;111;19
200712;10020414;10;02;04;14;2;820;371;449;19;19;19;30;21;12;12;39;24;19;9;34;55;47;37;37;85;77;39;71;36;37;6;0;0;6;13;11;3;3;0;0;19;89;115;34;102;382;43;30;6
200712;10020415;10;02;04;15;2;383;187;196;0;0;9;21;0;6;9;3;9;3;3;15;24;19;13;28;42;38;24;25;22;24;0;6;12;12;6;10;0;0;0;0;0;30;33;15;43;192;30;40;0
200712;10020416;10;02;04;16;2;340;154;186;3;3;13;22;0;0;6;9;3;6;6;6;10;9;12;12;27;21;20;51;13;25;12;6;6;18;6;9;3;3;0;0;3;38;30;6;19;156;43;39;6
200712;10020517;10;02;05;17;2;466;241;225;9;9;0;3;3;3;6;9;9;9;10;21;13;16;19;24;34;33;45;41;33;24;6;7;10;3;30;9;19;3;3;3;9;15;46;21;29;229;37;52;28
200712;10020518;10;02;05;18;2;384;218;166;3;4;15;14;6;6;15;13;13;12;0;15;18;22;22;16;24;28;41;25;27;18;0;6;0;9;9;3;0;0;0;0;3;39;59;15;40;183;24;21;0
200712;10020519;10;02;05;19;2;317;142;175;6;6;3;15;6;0;3;4;3;0;3;17;16;25;14;21;36;15;18;18;31;12;3;12;3;6;6;9;0;3;3;0;6;30;13;17;41;153;27;24;6
200712;10020620;10;02;06;20;2;328;157;171;12;4;6;9;6;0;3;3;0;9;0;7;3;18;9;13;22;19;24;24;29;25;13;3;6;22;15;18;3;3;0;0;12;25;15;7;21;140;41;61;6
200712;10020621;10;02;06;21;2;473;235;238;6;15;6;18;3;11;6;12;19;12;3;21;23;35;14;24;39;39;45;30;34;27;3;0;9;3;10;3;3;0;0;0;6;42;63;21;58;225;30;25;3
200712;10020622;10;02;06;22;2;744;339;405;9;17;12;31;3;6;15;22;19;19;6;33;18;58;21;43;76;37;39;68;31;47;7;19;3;21;27;19;9;9;0;0;9;63;87;33;76;315;73;70;18
200712;10020623;10;02;06;23;2;433;180;253;3;9;9;9;12;6;12;13;13;15;6;19;13;13;3;13;33;38;37;30;31;9;13;13;3;25;3;15;9;6;0;0;3;39;65;19;26;185;35;46;15
200712;10030724;10;03;07;24;2;1243;606;637;6;6;4;24;3;6;9;15;15;15;9;22;70;254;142;162;137;61;68;55;37;12;9;24;9;30;9;15;9;3;3;0;6;37;69;22;324;662;45;63;15
200712;10030725;10;03;07;25;2;601;321;280;6;12;7;9;7;0;3;12;12;6;0;38;67;63;15;12;54;37;33;39;32;31;9;9;9;9;31;18;15;6;0;0;6;35;33;38;130;222;49;67;21
200712;10030726;10;03;07;26;2;155;73;82;0;0;0;3;0;0;0;3;3;0;3;6;6;6;9;3;12;3;24;19;9;9;6;0;3;0;13;3;6;0;6;0;0;3;9;6;12;79;15;19;12
200712;10030727;10;03;07;27;2;471;243;228;0;3;6;18;7;4;7;12;10;27;0;27;9;25;19;15;44;34;51;25;33;27;12;15;4;19;12;6;0;0;0;0;0;34;60;27;34;221;54;41;0
200712;10040828;10;04;08;28;2;344;187;157;0;0;3;6;9;7;0;0;9;6;9;0;13;36;7;15;9;24;49;32;29;12;7;15;9;10;13;3;3;6;3;0;0;18;31;0;49;165;34;35;12
200712;10040829;10;04;08;29;2;160;73;87;0;6;0;10;3;3;0;6;3;6;0;10;0;6;3;3;9;18;22;13;15;0;6;9;3;3;3;0;0;0;0;0;0;19;18;10;6;83;15;9;0
200712;10040830;10;04;08;30;2;358;170;188;3;3;3;12;9;6;9;6;6;3;0;22;0;12;0;21;18;34;24;23;39;22;3;13;12;22;12;6;9;6;0;0;3;27;30;22;12;159;38;52;15
200712;10040931;10;04;09;31;2;407;204;203;6;3;0;12;6;13;3;12;9;16;0;36;6;24;0;12;30;19;52;30;37;28;6;3;6;9;9;13;4;3;0;0;6;21;53;36;30;180;37;37;7
200712;10040932;10;04;09;32;2;176;87;89;4;0;0;7;0;7;9;6;0;0;0;9;6;6;3;6;16;21;0;18;13;6;6;12;9;0;3;9;0;0;0;0;4;7;22;9;12;77;24;21;0
200712;10040933;10;04;09;33;2;571;264;307;0;0;9;13;9;6;12;16;15;26;6;23;16;24;15;27;42;46;55;46;27;24;15;32;12;19;18;15;0;3;0;0;0;31;81;23;40;258;71;64;3
200712;11010101;11;01;01;01;2;18;3;15;0;0;0;0;0;0;0;0;0;0;0;3;0;0;0;0;3;0;3;0;0;6;0;3;0;0;0;0;0;0;0;0;0;0;0;3;0;6;9;0;0
200712;11010102;11;01;01;02;2;54;33;21;0;0;3;0;0;0;0;0;0;0;3;3;0;3;0;0;15;3;3;6;3;6;3;0;3;0;0;0;0;0;0;0;0;3;3;3;3;30;9;3;0
200712;11010103;11;01;01;03;2;47;25;22;0;0;0;0;4;4;0;0;0;3;0;3;0;3;3;9;3;3;3;0;0;6;0;0;3;0;0;0;0;0;0;0;0;4;7;3;3;21;6;3;0
200712;11010204;11;01;02;04;2;1481;733;748;34;27;15;79;22;25;17;46;51;37;20;51;55;115;57;58;104;128;114;133;124;57;25;17;18;16;18;6;3;9;0;0;34;143;196;51;170;718;99;58;12
200712;11010205;11;01;02;05;2;1120;565;555;15;27;24;43;30;21;9;38;37;24;29;50;33;67;51;59;101;79;72;106;93;44;3;12;10;9;25;6;0;3;0;0;15;124;158;50;100;561;59;50;3
200712;11010206;11;01;02;06;2;677;328;349;9;20;13;16;7;16;7;15;9;12;9;30;24;42;12;28;51;53;62;48;39;70;10;10;12;13;15;16;9;0;0;0;9;56;68;30;66;293;90;56;9
200712;11010207;11;01;02;07;2;589;298;291;6;9;9;22;16;10;7;9;15;9;3;23;17;34;31;16;52;45;27;58;35;33;18;7;15;6;22;17;9;3;3;3;6;56;53;23;51;264;58;60;18
200712;11010308;11;01;03;08;2;1593;771;822;40;32;37;44;27;26;25;54;44;49;21;74;70;109;57;64;121;107;123;140;108;70;22;13;16;33;28;15;9;12;3;0;40;140;219;74;179;720;105;92;24
200712;11010309;11;01;03;09;2;1421;718;703;16;34;29;52;19;23;28;51;35;55;15;81;64;88;44;87;119;107;115;129;101;44;7;12;10;10;24;3;13;3;0;3;16;134;207;81;152;702;63;47;19
200712;11010310;11;01;03;10;2;303;144;159;0;3;3;23;6;3;6;6;3;6;0;15;16;13;3;12;30;9;21;30;27;28;6;3;0;3;13;12;3;0;0;0;0;35;24;15;29;132;37;28;3
200712;11020411;11;02;04;11;2;636;364;272;16;13;0;14;6;9;16;24;15;16;0;26;65;48;24;39;53;54;46;35;22;30;16;6;6;9;3;12;6;7;0;0;16;33;80;26;113;273;52;30;13
200712;11020412;11;02;04;12;2;592;281;311;6;9;25;21;19;21;6;10;16;16;16;15;10;42;9;31;54;43;39;50;37;30;6;3;12;11;6;16;7;6;0;0;6;74;85;15;52;263;39;45;13
200712;11020513;11;02;05;13;2;178;105;73;3;0;3;3;0;6;9;0;6;4;0;12;6;13;3;9;17;15;12;12;9;9;3;6;6;3;3;3;3;0;0;0;3;6;25;12;19;77;18;15;3
200712;11020514;11;02;05;14;2;670;351;319;6;14;6;25;10;0;6;12;3;0;0;9;20;93;45;78;103;50;34;44;28;18;6;9;3;10;15;11;6;6;0;0;6;55;21;9;113;382;33;39;12
200712;11020515;11;02;05;15;2;1794;898;896;27;47;40;47;44;31;35;66;49;47;10;85;72;99;66;87;139;143;124;143;120;56;28;33;38;28;37;27;15;8;3;0;27;178;238;85;171;822;117;130;26
200712;11020516;11;02;05;16;2;248;109;139;6;3;3;15;0;13;3;3;12;10;6;3;3;7;3;12;27;39;18;6;15;13;0;6;6;0;9;0;7;0;0;0;6;21;47;3;10;120;19;15;7
200712;11030617;11;03;06;17;2;1242;609;633;21;24;25;50;29;9;22;38;30;43;21;63;73;122;38;73;95;118;85;60;47;33;16;12;13;13;21;24;21;3;0;0;21;128;163;63;195;516;61;71;24
200712;11030618;11;03;06;18;2;2393;1180;1213;28;34;37;76;51;35;35;30;42;34;34;100;125;218;130;136;211;169;180;146;116;123;45;27;41;61;50;45;22;9;0;3;28;198;210;100;343;1088;195;197;34
200712;11030619;11;03;06;19;2;1799;896;903;19;28;19;58;28;31;21;48;51;36;15;87;54;119;69;93;132;193;125;161;110;94;30;21;12;37;39;45;15;9;0;0;19;133;202;87;173;883;145;133;24
200712;11030720;11;03;07;20;2;1647;1198;449;6;3;3;11;0;6;7;9;3;6;3;16;62;222;109;123;121;151;156;191;205;112;45;22;6;22;9;9;9;0;0;0;6;17;34;16;284;1056;179;46;9
200712;11030721;11;03;07;21;2;2365;1361;1004;18;51;25;65;35;24;21;29;56;40;28;89;69;170;137;147;226;224;221;201;174;81;36;22;29;43;44;30;6;21;3;0;18;176;198;89;239;1330;139;146;30
200712;11030824;11;03;08;24;2;2448;1260;1188;46;42;51;58;52;18;39;51;54;71;38;116;101;278;150;204;239;171;140;162;125;60;34;19;12;34;41;24;18;0;0;0;46;203;271;116;379;1191;113;111;18
200712;11040925;11;04;09;25;2;398;207;191;6;3;3;16;7;0;3;3;9;13;9;7;13;43;19;28;58;49;43;15;27;9;6;0;3;3;3;0;0;0;0;0;6;29;37;7;56;239;15;9;0
200712;11040926;11;04;09;26;2;2569;1437;1132;36;28;42;74;34;28;33;56;37;57;22;97;66;201;150;213;251;257;206;232;173;92;38;23;12;42;29;13;15;9;3;0;36;178;233;97;267;1482;153;96;27
200712;11041022;11;04;10;22;2;757;430;327;12;6;6;22;3;9;15;18;15;15;9;36;16;51;26;43;84;53;64;61;64;40;9;9;9;12;19;13;15;0;3;0;12;37;81;36;67;395;58;53;18
200712;11041023;11;04;10;23;2;1026;506;520;19;30;25;54;9;10;16;28;27;40;12;59;48;50;31;67;81;59;90;66;91;37;7;3;3;15;19;15;9;6;0;0;19;118;133;59;98;485;47;52;15
200712;11041027;11;04;10;27;2;367;198;169;3;6;10;16;9;6;8;12;0;6;3;25;13;18;12;9;53;24;30;28;18;21;0;3;10;18;3;0;3;0;0;0;3;41;35;25;31;174;24;31;3
200712;11041128;11;04;11;28;2;4055;2086;1969;29;69;70;106;54;77;68;87;108;61;61;113;148;449;207;301;320;342;294;307;192;175;55;33;51;51;76;93;22;27;6;3;29;299;462;113;597;1963;263;271;58
200712;11051229;11;05;12;29;2;267;149;118;9;3;12;12;6;6;4;3;9;0;6;3;12;19;9;6;26;26;18;15;26;16;6;3;0;3;9;0;0;0;0;0;9;33;28;3;31;126;25;12;0
200712;11051330;11;05;13;30;2;678;305;373;12;9;6;15;3;4;10;10;12;6;0;16;18;141;47;91;62;47;54;27;18;12;6;12;4;9;12;6;9;0;0;0;12;33;42;16;159;346;30;31;9
200712;11051331;11;05;13;31;2;650;304;346;6;10;12;28;15;0;16;30;12;32;12;31;20;35;12;21;34;76;52;55;45;21;9;12;10;13;6;6;3;9;7;0;6;65;102;31;55;295;42;35;19
200712;11051332;11;05;13;32;2;358;175;183;3;4;9;16;12;9;6;16;10;3;0;9;3;6;12;25;28;36;36;26;24;10;6;10;6;12;9;3;3;3;0;3;3;41;44;9;9;187;26;30;9
200712;12103115;12;10;31;15;2;2101;1092;1009;43;37;47;50;25;27;21;43;61;56;19;57;59;143;96;97;226;192;194;110;116;165;62;22;24;30;43;21;6;6;3;0;43;159;227;57;202;1031;249;118;15
200712;12103116;12;10;31;16;2;2761;1432;1329;54;60;32;98;56;47;36;122;79;65;34;101;75;141;86;161;271;287;214;198;128;139;64;27;34;48;43;27;22;9;3;0;54;246;383;101;216;1345;230;152;34
200712;12103117;12;10;31;17;2;3178;1608;1570;58;54;63;107;44;49;51;95;94;90;30;107;122;173;91;181;331;314;230;192;241;177;84;31;29;55;48;16;12;3;0;6;58;268;409;107;295;1580;292;148;21
200712;12103218;12;10;32;18;2;3577;1870;1707;52;47;52;123;43;53;62;114;132;92;38;185;111;191;108;192;304;341;309;250;211;175;89;45;56;81;61;30;21;6;3;0;52;265;491;185;302;1715;309;228;30
200712;12103219;12;10;32;19;2;2143;1089;1054;42;24;43;94;31;25;34;55;45;74;13;70;58;101;109;134;170;175;166;136;130;139;65;37;25;37;71;21;13;0;3;3;42;192;246;70;159;1020;241;154;19
200712;12103220;12;10;32;20;2;869;441;428;9;18;6;20;13;3;13;14;12;15;19;26;33;40;49;72;71;72;61;70;95;48;29;9;12;12;10;12;0;0;3;3;9;57;76;26;73;490;86;46;6
200712;12214125;12;21;41;25;2;945;475;470;9;12;18;18;18;9;0;18;12;30;21;57;28;51;27;55;70;62;92;89;55;56;43;32;17;18;18;0;6;4;0;0;9;66;90;57;79;450;131;53;10
200712;12214126;12;21;41;26;2;2136;1008;1128;39;33;38;51;34;32;32;56;70;84;28;116;51;124;62;108;166;187;183;175;95;149;39;23;25;34;48;30;18;6;0;0;39;156;302;116;175;976;211;137;24
200712;12214421;12;21;44;21;2;400;201;199;12;0;0;10;3;3;10;9;9;21;0;22;9;27;15;19;24;36;27;33;60;24;6;0;12;3;3;0;3;0;0;0;12;13;52;22;36;214;30;18;3
200712;12214422;12;21;44;22;2;3318;1694;1624;72;56;65;96;59;50;72;98;106;111;59;153;110;186;107;168;298;282;241;203;211;172;59;39;56;66;39;53;16;12;3;0;72;276;496;153;296;1510;270;214;31
200712;12214423;12;21;44;23;2;1535;768;767;27;34;28;39;21;26;19;40;42;34;19;72;60;68;59;66;128;140;100;103;111;112;36;18;31;28;36;10;22;0;6;0;27;122;180;72;128;707;166;105;28
200712;12214424;12;21;44;24;2;3021;1576;1445;41;58;56;114;46;49;38;86;99;88;33;112;105;174;90;175;283;286;306;168;163;170;66;43;40;46;52;22;6;6;0;0;41;274;393;112;279;1471;279;160;12
200712;12214527;12;21;45;27;2;1674;808;866;23;28;12;36;9;22;32;39;37;28;24;80;33;77;53;56;127;171;154;158;119;111;57;25;22;47;49;29;6;3;3;4;23;85;182;80;110;838;193;147;16
200712;12214528;12;21;45;28;2;28;22;6;6;0;0;0;0;0;0;0;0;0;0;4;0;0;0;3;6;6;0;0;3;0;0;0;0;0;0;0;0;0;0;0;6;0;0;4;0;18;0;0;0
200712;12224229;12;22;42;29;2;690;330;360;14;9;11;11;10;18;16;29;28;15;0;41;26;12;6;9;44;37;67;72;57;55;24;17;18;20;6;6;6;3;0;3;14;41;106;41;38;292;96;50;12
200712;12224230;12;22;42;30;2;1688;753;935;9;19;20;40;28;32;36;81;67;42;43;111;45;55;33;31;80;127;141;124;147;154;54;18;32;40;44;20;6;6;0;3;9;107;301;111;100;683;226;136;15
200712;12231101;12;23;11;01;2;1742;860;882;17;31;18;57;3;27;20;68;77;60;27;103;49;53;30;57;101;141;159;122;101;160;88;36;25;24;32;26;18;9;0;3;17;109;279;103;102;711;284;107;30
200712;12231102;12;23;11;02;2;1792;854;938;12;24;30;63;23;36;30;73;74;58;33;96;34;58;29;48;97;124;189;144;143;129;60;34;48;34;42;6;9;9;0;3;12;140;304;96;92;774;223;130;21
200712;12301203;12;30;12;03;2;2167;1157;1010;23;33;40;47;25;16;18;42;51;52;27;96;64;148;50;85;152;221;217;163;144;159;90;41;48;27;48;7;27;0;6;0;23;145;206;96;212;1032;290;130;33
200712;12301204;12;30;12;04;2;864;396;468;9;10;24;16;6;12;15;41;46;31;19;45;24;41;20;15;28;63;77;121;49;48;20;30;7;9;25;7;0;6;0;0;9;56;164;45;65;373;98;48;6
200712;12301205;12;30;12;05;2;620;309;311;17;3;3;12;23;20;12;29;13;31;6;42;6;24;19;21;45;64;42;49;48;27;16;3;6;9;3;14;6;7;0;0;17;41;111;42;30;288;46;32;13
200712;12301206;12;30;12;06;2;547;292;255;3;9;10;12;9;16;8;24;28;26;17;36;6;18;9;12;38;39;28;50;48;51;10;0;12;6;12;7;0;3;0;0;3;40;119;36;24;224;61;37;3
200712;12302107;12;30;21;07;2;655;294;361;3;9;6;19;12;6;9;22;31;13;15;45;25;43;8;13;24;64;77;46;66;42;15;6;12;12;6;3;3;0;0;0;3;46;96;45;68;298;63;33;3
200712;12302108;12;30;21;08;2;3721;1810;1911;82;61;66;182;45;80;85;128;112;132;71;197;157;164;124;184;268;256;217;272;220;202;92;40;53;82;60;32;43;14;0;0;82;354;608;197;321;1541;334;227;57
200712;12302109;12;30;21;09;2;3764;1821;1943;63;104;78;160;94;72;96;153;135;150;58;187;155;230;89;175;337;278;248;234;179;163;51;49;18;55;72;33;24;18;3;3;63;436;664;187;385;1540;263;178;48
200712;12302110;12;30;21;10;2;3047;1502;1545;42;67;55;134;72;79;58;126;125;140;41;167;134;174;72;126;174;227;245;229;192;128;47;32;21;44;46;25;19;6;0;0;42;328;569;167;308;1265;207;136;25
200712;12302211;12;30;22;11;2;525;255;270;0;9;3;16;9;9;0;20;12;18;9;44;20;9;12;12;41;34;62;34;39;35;15;10;0;19;19;3;6;3;0;3;0;37;68;44;29;234;60;41;12
200712;12302212;12;30;22;12;2;1362;705;657;15;18;19;32;15;9;22;50;41;46;36;72;72;65;27;53;108;80;145;104;109;83;29;15;6;30;24;24;10;0;3;0;15;84;204;72;137;626;127;84;13
200712;12304313;12;30;43;13;2;770;384;386;18;6;10;34;3;6;15;19;30;22;3;39;16;27;12;27;55;71;86;48;67;55;34;9;24;16;15;3;0;0;0;0;18;53;95;39;43;366;98;58;0
200712;12304314;12;30;43;14;2;1089;513;576;12;9;12;43;4;19;34;36;9;24;9;60;25;32;28;38;87;86;101;52;100;101;38;27;25;24;15;27;6;3;3;0;12;68;131;60;57;492;166;91;12
